{"content":[{"id":"272ede1a","settings":{"flex_direction":"row","content_width":"full","background_background":"classic","background_color":"#000000","margin":{"unit":"px","top":"50","right":"0","bottom":"0","left":"0","isLinked":false},"padding":{"unit":"px","top":"60","right":"20","bottom":"60","left":"20","isLinked":false},"background_image":{"url":"","id":""},"background_video_fallback":{"url":"","id":""},"background_slideshow_gallery":[],"background_hover_image":{"url":"","id":""},"background_hover_video_fallback":{"url":"","id":""},"background_hover_slideshow_gallery":[],"background_overlay_image":{"url":"","id":""},"background_overlay_video_fallback":{"url":"","id":""},"background_overlay_slideshow_gallery":[],"background_overlay_hover_image":{"url":"","id":""},"background_overlay_hover_video_fallback":{"url":"","id":""},"background_overlay_hover_slideshow_gallery":[]},"elements":[{"id":"269197db","settings":{"content_width":"full","width":{"unit":"%","size":30,"sizes":[]},"flex_align_items":"flex-start","background_image":{"url":"","id":""},"background_video_fallback":{"url":"","id":""},"background_slideshow_gallery":[],"background_hover_image":{"url":"","id":""},"background_hover_video_fallback":{"url":"","id":""},"background_hover_slideshow_gallery":[],"background_overlay_image":{"url":"","id":""},"background_overlay_video_fallback":{"url":"","id":""},"background_overlay_slideshow_gallery":[],"background_overlay_hover_image":{"url":"","id":""},"background_overlay_hover_video_fallback":{"url":"","id":""},"background_overlay_hover_slideshow_gallery":[]},"elements":[{"id":"39d4f23f","settings":{"image":{"id":59,"url":"http:\/\/helptroop.com\/wp-content\/uploads\/2022\/12\/placeholder-8.png"},"image_size":"full","align":"left","width":{"unit":"%","size":80,"sizes":[]},"_margin":{"unit":"px","top":"0","right":"0","bottom":"50","left":"0","isLinked":false},"_background_image":{"url":"","id":""},"_background_video_fallback":{"url":"","id":""},"_background_slideshow_gallery":[],"_background_hover_image":{"url":"","id":""},"_background_hover_video_fallback":{"url":"","id":""},"_background_hover_slideshow_gallery":[],"_ha_background_overlay_image":{"url":"","id":""},"_ha_background_overlay_video_fallback":{"url":"","id":""},"_ha_background_overlay_slideshow_gallery":[],"_ha_background_overlay_hover_image":{"url":"","id":""},"_ha_background_overlay_hover_video_fallback":{"url":"","id":""},"_ha_background_overlay_hover_slideshow_gallery":[],"_mask_image":{"url":"","id":""},"ha_advanced_tooltip_title_section_bg_color_image":{"url":"","id":""},"ha_advanced_tooltip_title_section_bg_color_video_fallback":{"url":"","id":""},"ha_advanced_tooltip_title_section_bg_color_slideshow_gallery":[]},"elements":[],"isInner":false,"widgetType":"image","elType":"widget"},{"id":"370e9ac","settings":{"content_width":"full","min_height":{"unit":"px","size":5,"sizes":[]},"flex_direction":"row","flex_wrap":"wrap","padding":{"unit":"px","top":"0","right":"0","bottom":"0","left":"0","isLinked":true},"background_image":{"url":"","id":""},"background_video_fallback":{"url":"","id":""},"background_slideshow_gallery":[],"background_hover_image":{"url":"","id":""},"background_hover_video_fallback":{"url":"","id":""},"background_hover_slideshow_gallery":[],"background_overlay_image":{"url":"","id":""},"background_overlay_video_fallback":{"url":"","id":""},"background_overlay_slideshow_gallery":[],"background_overlay_hover_image":{"url":"","id":""},"background_overlay_hover_video_fallback":{"url":"","id":""},"background_overlay_hover_slideshow_gallery":[]},"elements":[{"id":"78bb1014","settings":{"text":"WORK,","icon_align":"right","icon_indent":{"unit":"px","size":0,"sizes":[]},"typography_typography":"custom","typography_font_family":"Roboto","typography_font_size":{"unit":"px","size":30,"sizes":[]},"typography_font_weight":"500","background_color":"#61CE7000","hover_color":"#F66753","text_padding":{"unit":"px","top":"0","right":"0","bottom":"0","left":"0","isLinked":true},"selected_icon":{"value":"","library":""},"background_video_fallback":{"url":"","id":""},"background_slideshow_gallery":[],"button_background_hover_video_fallback":{"url":"","id":""},"button_background_hover_slideshow_gallery":[],"_background_image":{"url":"","id":""},"_background_video_fallback":{"url":"","id":""},"_background_slideshow_gallery":[],"_background_hover_image":{"url":"","id":""},"_background_hover_video_fallback":{"url":"","id":""},"_background_hover_slideshow_gallery":[],"_ha_background_overlay_image":{"url":"","id":""},"_ha_background_overlay_video_fallback":{"url":"","id":""},"_ha_background_overlay_slideshow_gallery":[],"_ha_background_overlay_hover_image":{"url":"","id":""},"_ha_background_overlay_hover_video_fallback":{"url":"","id":""},"_ha_background_overlay_hover_slideshow_gallery":[],"_mask_image":{"url":"","id":""},"ha_advanced_tooltip_title_section_bg_color_image":{"url":"","id":""},"ha_advanced_tooltip_title_section_bg_color_video_fallback":{"url":"","id":""},"ha_advanced_tooltip_title_section_bg_color_slideshow_gallery":[]},"elements":[],"isInner":false,"widgetType":"button","elType":"widget"},{"id":"7173c5cb","settings":{"text":"SERVICES,","icon_align":"right","icon_indent":{"unit":"px","size":0,"sizes":[]},"typography_typography":"custom","typography_font_family":"Roboto","typography_font_size":{"unit":"px","size":30,"sizes":[]},"typography_font_weight":"500","background_color":"#61CE7000","hover_color":"#F66753","text_padding":{"unit":"px","top":"0","right":"0","bottom":"0","left":"0","isLinked":true},"selected_icon":{"value":"","library":""},"background_video_fallback":{"url":"","id":""},"background_slideshow_gallery":[],"button_background_hover_video_fallback":{"url":"","id":""},"button_background_hover_slideshow_gallery":[],"_background_image":{"url":"","id":""},"_background_video_fallback":{"url":"","id":""},"_background_slideshow_gallery":[],"_background_hover_image":{"url":"","id":""},"_background_hover_video_fallback":{"url":"","id":""},"_background_hover_slideshow_gallery":[],"_ha_background_overlay_image":{"url":"","id":""},"_ha_background_overlay_video_fallback":{"url":"","id":""},"_ha_background_overlay_slideshow_gallery":[],"_ha_background_overlay_hover_image":{"url":"","id":""},"_ha_background_overlay_hover_video_fallback":{"url":"","id":""},"_ha_background_overlay_hover_slideshow_gallery":[],"_mask_image":{"url":"","id":""},"ha_advanced_tooltip_title_section_bg_color_image":{"url":"","id":""},"ha_advanced_tooltip_title_section_bg_color_video_fallback":{"url":"","id":""},"ha_advanced_tooltip_title_section_bg_color_slideshow_gallery":[]},"elements":[],"isInner":false,"widgetType":"button","elType":"widget"},{"id":"5a7a5bba","settings":{"text":"ABOUT US,","icon_align":"right","icon_indent":{"unit":"px","size":0,"sizes":[]},"typography_typography":"custom","typography_font_family":"Roboto","typography_font_size":{"unit":"px","size":30,"sizes":[]},"typography_font_weight":"500","background_color":"#61CE7000","hover_color":"#F66753","text_padding":{"unit":"px","top":"0","right":"0","bottom":"0","left":"0","isLinked":true},"selected_icon":{"value":"","library":""},"background_video_fallback":{"url":"","id":""},"background_slideshow_gallery":[],"button_background_hover_video_fallback":{"url":"","id":""},"button_background_hover_slideshow_gallery":[],"_background_image":{"url":"","id":""},"_background_video_fallback":{"url":"","id":""},"_background_slideshow_gallery":[],"_background_hover_image":{"url":"","id":""},"_background_hover_video_fallback":{"url":"","id":""},"_background_hover_slideshow_gallery":[],"_ha_background_overlay_image":{"url":"","id":""},"_ha_background_overlay_video_fallback":{"url":"","id":""},"_ha_background_overlay_slideshow_gallery":[],"_ha_background_overlay_hover_image":{"url":"","id":""},"_ha_background_overlay_hover_video_fallback":{"url":"","id":""},"_ha_background_overlay_hover_slideshow_gallery":[],"_mask_image":{"url":"","id":""},"ha_advanced_tooltip_title_section_bg_color_image":{"url":"","id":""},"ha_advanced_tooltip_title_section_bg_color_video_fallback":{"url":"","id":""},"ha_advanced_tooltip_title_section_bg_color_slideshow_gallery":[]},"elements":[],"isInner":false,"widgetType":"button","elType":"widget"},{"id":"1e0c8c8b","settings":{"text":"BLOG","icon_align":"right","icon_indent":{"unit":"px","size":0,"sizes":[]},"typography_typography":"custom","typography_font_family":"Roboto","typography_font_size":{"unit":"px","size":30,"sizes":[]},"typography_font_weight":"500","background_color":"#61CE7000","hover_color":"#F66753","text_padding":{"unit":"px","top":"0","right":"0","bottom":"0","left":"0","isLinked":true},"selected_icon":{"value":"","library":""},"background_video_fallback":{"url":"","id":""},"background_slideshow_gallery":[],"button_background_hover_video_fallback":{"url":"","id":""},"button_background_hover_slideshow_gallery":[],"_background_image":{"url":"","id":""},"_background_video_fallback":{"url":"","id":""},"_background_slideshow_gallery":[],"_background_hover_image":{"url":"","id":""},"_background_hover_video_fallback":{"url":"","id":""},"_background_hover_slideshow_gallery":[],"_ha_background_overlay_image":{"url":"","id":""},"_ha_background_overlay_video_fallback":{"url":"","id":""},"_ha_background_overlay_slideshow_gallery":[],"_ha_background_overlay_hover_image":{"url":"","id":""},"_ha_background_overlay_hover_video_fallback":{"url":"","id":""},"_ha_background_overlay_hover_slideshow_gallery":[],"_mask_image":{"url":"","id":""},"ha_advanced_tooltip_title_section_bg_color_image":{"url":"","id":""},"ha_advanced_tooltip_title_section_bg_color_video_fallback":{"url":"","id":""},"ha_advanced_tooltip_title_section_bg_color_slideshow_gallery":[]},"elements":[],"isInner":false,"widgetType":"button","elType":"widget"}],"isInner":false,"elType":"container"}],"isInner":false,"elType":"container"},{"id":"7c8162c5","settings":{"content_width":"full","width":{"unit":"%","size":70,"sizes":[]},"flex_align_items":"flex-start","background_image":{"url":"","id":""},"background_video_fallback":{"url":"","id":""},"background_slideshow_gallery":[],"background_hover_image":{"url":"","id":""},"background_hover_video_fallback":{"url":"","id":""},"background_hover_slideshow_gallery":[],"background_overlay_image":{"url":"","id":""},"background_overlay_video_fallback":{"url":"","id":""},"background_overlay_slideshow_gallery":[],"background_overlay_hover_image":{"url":"","id":""},"background_overlay_hover_video_fallback":{"url":"","id":""},"background_overlay_hover_slideshow_gallery":[]},"elements":[{"id":"2f6127c0","settings":{"title":"From naming and strategy, to identity systems, and visual design, supporting your brand's growth is our greatest passion.","title_color":"#FFFFFF","typography_typography":"custom","typography_font_family":"Roboto Slab","typography_font_size":{"unit":"px","size":20,"sizes":[]},"typography_font_weight":"300","_background_image":{"url":"","id":""},"_background_video_fallback":{"url":"","id":""},"_background_slideshow_gallery":[],"_background_hover_image":{"url":"","id":""},"_background_hover_video_fallback":{"url":"","id":""},"_background_hover_slideshow_gallery":[],"_ha_background_overlay_image":{"url":"","id":""},"_ha_background_overlay_video_fallback":{"url":"","id":""},"_ha_background_overlay_slideshow_gallery":[],"_ha_background_overlay_hover_image":{"url":"","id":""},"_ha_background_overlay_hover_video_fallback":{"url":"","id":""},"_ha_background_overlay_hover_slideshow_gallery":[],"_mask_image":{"url":"","id":""},"ha_advanced_tooltip_title_section_bg_color_image":{"url":"","id":""},"ha_advanced_tooltip_title_section_bg_color_video_fallback":{"url":"","id":""},"ha_advanced_tooltip_title_section_bg_color_slideshow_gallery":[]},"elements":[],"isInner":false,"widgetType":"heading","elType":"widget"},{"id":"5d0d6acc","settings":{"title":"MORE NOISE\n","title_color":"#fbc32c","typography_typography":"custom","typography_font_family":"Roboto","typography_font_size":{"unit":"px","size":16,"sizes":[]},"typography_font_weight":"700","_background_image":{"url":"","id":""},"_background_video_fallback":{"url":"","id":""},"_background_slideshow_gallery":[],"_background_hover_image":{"url":"","id":""},"_background_hover_video_fallback":{"url":"","id":""},"_background_hover_slideshow_gallery":[],"_ha_background_overlay_image":{"url":"","id":""},"_ha_background_overlay_video_fallback":{"url":"","id":""},"_ha_background_overlay_slideshow_gallery":[],"_ha_background_overlay_hover_image":{"url":"","id":""},"_ha_background_overlay_hover_video_fallback":{"url":"","id":""},"_ha_background_overlay_hover_slideshow_gallery":[],"_mask_image":{"url":"","id":""},"ha_advanced_tooltip_title_section_bg_color_image":{"url":"","id":""},"ha_advanced_tooltip_title_section_bg_color_video_fallback":{"url":"","id":""},"ha_advanced_tooltip_title_section_bg_color_slideshow_gallery":[]},"elements":[],"isInner":false,"widgetType":"heading","elType":"widget"},{"id":"67558727","settings":{"text":"CONTACT & PRESS","selected_icon":{"value":"fas fa-arrow-right","library":"fa-solid"},"icon_align":"right","icon_indent":{"unit":"px","size":15,"sizes":[]},"typography_typography":"custom","typography_font_family":"Roboto","typography_font_size":{"unit":"px","size":15,"sizes":[]},"typography_font_weight":"300","background_color":"#61CE7000","hover_color":"#F66753","text_padding":{"unit":"px","top":"0","right":"0","bottom":"0","left":"0","isLinked":true},"background_video_fallback":{"url":"","id":""},"background_slideshow_gallery":[],"button_background_hover_video_fallback":{"url":"","id":""},"button_background_hover_slideshow_gallery":[],"_background_image":{"url":"","id":""},"_background_video_fallback":{"url":"","id":""},"_background_slideshow_gallery":[],"_background_hover_image":{"url":"","id":""},"_background_hover_video_fallback":{"url":"","id":""},"_background_hover_slideshow_gallery":[],"_ha_background_overlay_image":{"url":"","id":""},"_ha_background_overlay_video_fallback":{"url":"","id":""},"_ha_background_overlay_slideshow_gallery":[],"_ha_background_overlay_hover_image":{"url":"","id":""},"_ha_background_overlay_hover_video_fallback":{"url":"","id":""},"_ha_background_overlay_hover_slideshow_gallery":[],"_mask_image":{"url":"","id":""},"ha_advanced_tooltip_title_section_bg_color_image":{"url":"","id":""},"ha_advanced_tooltip_title_section_bg_color_video_fallback":{"url":"","id":""},"ha_advanced_tooltip_title_section_bg_color_slideshow_gallery":[]},"elements":[],"isInner":false,"widgetType":"button","elType":"widget"},{"id":"1b6b93fd","settings":{"text":"CANNABIS","selected_icon":{"value":"fas fa-arrow-right","library":"fa-solid"},"icon_align":"right","icon_indent":{"unit":"px","size":15,"sizes":[]},"typography_typography":"custom","typography_font_family":"Roboto","typography_font_size":{"unit":"px","size":15,"sizes":[]},"typography_font_weight":"300","background_color":"#61CE7000","hover_color":"#F66753","text_padding":{"unit":"px","top":"0","right":"0","bottom":"0","left":"0","isLinked":true},"background_video_fallback":{"url":"","id":""},"background_slideshow_gallery":[],"button_background_hover_video_fallback":{"url":"","id":""},"button_background_hover_slideshow_gallery":[],"_background_image":{"url":"","id":""},"_background_video_fallback":{"url":"","id":""},"_background_slideshow_gallery":[],"_background_hover_image":{"url":"","id":""},"_background_hover_video_fallback":{"url":"","id":""},"_background_hover_slideshow_gallery":[],"_ha_background_overlay_image":{"url":"","id":""},"_ha_background_overlay_video_fallback":{"url":"","id":""},"_ha_background_overlay_slideshow_gallery":[],"_ha_background_overlay_hover_image":{"url":"","id":""},"_ha_background_overlay_hover_video_fallback":{"url":"","id":""},"_ha_background_overlay_hover_slideshow_gallery":[],"_mask_image":{"url":"","id":""},"ha_advanced_tooltip_title_section_bg_color_image":{"url":"","id":""},"ha_advanced_tooltip_title_section_bg_color_video_fallback":{"url":"","id":""},"ha_advanced_tooltip_title_section_bg_color_slideshow_gallery":[]},"elements":[],"isInner":false,"widgetType":"button","elType":"widget"},{"id":"32119813","settings":{"text":"IN\/VISIBLE TALKS","selected_icon":{"value":"fas fa-arrow-right","library":"fa-solid"},"icon_align":"right","icon_indent":{"unit":"px","size":15,"sizes":[]},"typography_typography":"custom","typography_font_family":"Roboto","typography_font_size":{"unit":"px","size":15,"sizes":[]},"typography_font_weight":"300","background_color":"#61CE7000","hover_color":"#F66753","text_padding":{"unit":"px","top":"0","right":"0","bottom":"0","left":"0","isLinked":true},"background_video_fallback":{"url":"","id":""},"background_slideshow_gallery":[],"button_background_hover_video_fallback":{"url":"","id":""},"button_background_hover_slideshow_gallery":[],"_background_image":{"url":"","id":""},"_background_video_fallback":{"url":"","id":""},"_background_slideshow_gallery":[],"_background_hover_image":{"url":"","id":""},"_background_hover_video_fallback":{"url":"","id":""},"_background_hover_slideshow_gallery":[],"_ha_background_overlay_image":{"url":"","id":""},"_ha_background_overlay_video_fallback":{"url":"","id":""},"_ha_background_overlay_slideshow_gallery":[],"_ha_background_overlay_hover_image":{"url":"","id":""},"_ha_background_overlay_hover_video_fallback":{"url":"","id":""},"_ha_background_overlay_hover_slideshow_gallery":[],"_mask_image":{"url":"","id":""},"ha_advanced_tooltip_title_section_bg_color_image":{"url":"","id":""},"ha_advanced_tooltip_title_section_bg_color_video_fallback":{"url":"","id":""},"ha_advanced_tooltip_title_section_bg_color_slideshow_gallery":[]},"elements":[],"isInner":false,"widgetType":"button","elType":"widget"},{"id":"766e164d","settings":{"title":"SIGN UP FOR OUR NEWSLETTER","title_color":"#fbc32c","typography_typography":"custom","typography_font_family":"Roboto","typography_font_size":{"unit":"px","size":16,"sizes":[]},"typography_font_weight":"700","_background_image":{"url":"","id":""},"_background_video_fallback":{"url":"","id":""},"_background_slideshow_gallery":[],"_background_hover_image":{"url":"","id":""},"_background_hover_video_fallback":{"url":"","id":""},"_background_hover_slideshow_gallery":[],"_ha_background_overlay_image":{"url":"","id":""},"_ha_background_overlay_video_fallback":{"url":"","id":""},"_ha_background_overlay_slideshow_gallery":[],"_ha_background_overlay_hover_image":{"url":"","id":""},"_ha_background_overlay_hover_video_fallback":{"url":"","id":""},"_ha_background_overlay_hover_slideshow_gallery":[],"_mask_image":{"url":"","id":""},"ha_advanced_tooltip_title_section_bg_color_image":{"url":"","id":""},"ha_advanced_tooltip_title_section_bg_color_video_fallback":{"url":"","id":""},"ha_advanced_tooltip_title_section_bg_color_slideshow_gallery":[]},"elements":[],"isInner":false,"widgetType":"heading","elType":"widget"},{"id":"16a695d","settings":{"_background_image":{"url":"","id":""},"_background_video_fallback":{"url":"","id":""},"_background_slideshow_gallery":[],"_background_hover_image":{"url":"","id":""},"_background_hover_video_fallback":{"url":"","id":""},"_background_hover_slideshow_gallery":[],"_ha_background_overlay_image":{"url":"","id":""},"_ha_background_overlay_video_fallback":{"url":"","id":""},"_ha_background_overlay_slideshow_gallery":[],"_ha_background_overlay_hover_image":{"url":"","id":""},"_ha_background_overlay_hover_video_fallback":{"url":"","id":""},"_ha_background_overlay_hover_slideshow_gallery":[],"_mask_image":{"url":"","id":""},"ha_advanced_tooltip_title_section_bg_color_image":{"url":"","id":""},"ha_advanced_tooltip_title_section_bg_color_video_fallback":{"url":"","id":""},"ha_advanced_tooltip_title_section_bg_color_slideshow_gallery":[]},"elements":[],"isInner":false,"widgetType":"ha-wpform","elType":"widget"},{"id":"46000504","settings":{"title":"BUSINESS INQUIRIES","title_color":"#fbc32c","typography_typography":"custom","typography_font_family":"Roboto","typography_font_size":{"unit":"px","size":16,"sizes":[]},"typography_font_weight":"700","_background_image":{"url":"","id":""},"_background_video_fallback":{"url":"","id":""},"_background_slideshow_gallery":[],"_background_hover_image":{"url":"","id":""},"_background_hover_video_fallback":{"url":"","id":""},"_background_hover_slideshow_gallery":[],"_ha_background_overlay_image":{"url":"","id":""},"_ha_background_overlay_video_fallback":{"url":"","id":""},"_ha_background_overlay_slideshow_gallery":[],"_ha_background_overlay_hover_image":{"url":"","id":""},"_ha_background_overlay_hover_video_fallback":{"url":"","id":""},"_ha_background_overlay_hover_slideshow_gallery":[],"_mask_image":{"url":"","id":""},"ha_advanced_tooltip_title_section_bg_color_image":{"url":"","id":""},"ha_advanced_tooltip_title_section_bg_color_video_fallback":{"url":"","id":""},"ha_advanced_tooltip_title_section_bg_color_slideshow_gallery":[]},"elements":[],"isInner":false,"widgetType":"heading","elType":"widget"},{"id":"7081a84f","settings":{"text":"info@noise13.com","selected_icon":{"value":"fas fa-arrow-right","library":"fa-solid"},"icon_align":"right","icon_indent":{"unit":"px","size":15,"sizes":[]},"typography_typography":"custom","typography_font_family":"Roboto","typography_font_size":{"unit":"px","size":15,"sizes":[]},"typography_font_weight":"300","background_color":"#61CE7000","hover_color":"#F66753","text_padding":{"unit":"px","top":"0","right":"0","bottom":"0","left":"0","isLinked":true},"background_video_fallback":{"url":"","id":""},"background_slideshow_gallery":[],"button_background_hover_video_fallback":{"url":"","id":""},"button_background_hover_slideshow_gallery":[],"_background_image":{"url":"","id":""},"_background_video_fallback":{"url":"","id":""},"_background_slideshow_gallery":[],"_background_hover_image":{"url":"","id":""},"_background_hover_video_fallback":{"url":"","id":""},"_background_hover_slideshow_gallery":[],"_ha_background_overlay_image":{"url":"","id":""},"_ha_background_overlay_video_fallback":{"url":"","id":""},"_ha_background_overlay_slideshow_gallery":[],"_ha_background_overlay_hover_image":{"url":"","id":""},"_ha_background_overlay_hover_video_fallback":{"url":"","id":""},"_ha_background_overlay_hover_slideshow_gallery":[],"_mask_image":{"url":"","id":""},"ha_advanced_tooltip_title_section_bg_color_image":{"url":"","id":""},"ha_advanced_tooltip_title_section_bg_color_video_fallback":{"url":"","id":""},"ha_advanced_tooltip_title_section_bg_color_slideshow_gallery":[]},"elements":[],"isInner":false,"widgetType":"button","elType":"widget"},{"id":"46964a2e","settings":{"text":"(415) 957-1313","selected_icon":{"value":"fas fa-arrow-right","library":"fa-solid"},"icon_align":"right","icon_indent":{"unit":"px","size":15,"sizes":[]},"typography_typography":"custom","typography_font_family":"Roboto","typography_font_size":{"unit":"px","size":15,"sizes":[]},"typography_font_weight":"300","background_color":"#61CE7000","hover_color":"#F66753","text_padding":{"unit":"px","top":"0","right":"0","bottom":"0","left":"0","isLinked":true},"background_video_fallback":{"url":"","id":""},"background_slideshow_gallery":[],"button_background_hover_video_fallback":{"url":"","id":""},"button_background_hover_slideshow_gallery":[],"_background_image":{"url":"","id":""},"_background_video_fallback":{"url":"","id":""},"_background_slideshow_gallery":[],"_background_hover_image":{"url":"","id":""},"_background_hover_video_fallback":{"url":"","id":""},"_background_hover_slideshow_gallery":[],"_ha_background_overlay_image":{"url":"","id":""},"_ha_background_overlay_video_fallback":{"url":"","id":""},"_ha_background_overlay_slideshow_gallery":[],"_ha_background_overlay_hover_image":{"url":"","id":""},"_ha_background_overlay_hover_video_fallback":{"url":"","id":""},"_ha_background_overlay_hover_slideshow_gallery":[],"_mask_image":{"url":"","id":""},"ha_advanced_tooltip_title_section_bg_color_image":{"url":"","id":""},"ha_advanced_tooltip_title_section_bg_color_video_fallback":{"url":"","id":""},"ha_advanced_tooltip_title_section_bg_color_slideshow_gallery":[]},"elements":[],"isInner":false,"widgetType":"button","elType":"widget"},{"id":"322f99d4","settings":{"title":"Social","title_color":"#fbc32c","typography_typography":"custom","typography_font_family":"Roboto","typography_font_size":{"unit":"px","size":16,"sizes":[]},"typography_font_weight":"700","_background_image":{"url":"","id":""},"_background_video_fallback":{"url":"","id":""},"_background_slideshow_gallery":[],"_background_hover_image":{"url":"","id":""},"_background_hover_video_fallback":{"url":"","id":""},"_background_hover_slideshow_gallery":[],"_ha_background_overlay_image":{"url":"","id":""},"_ha_background_overlay_video_fallback":{"url":"","id":""},"_ha_background_overlay_slideshow_gallery":[],"_ha_background_overlay_hover_image":{"url":"","id":""},"_ha_background_overlay_hover_video_fallback":{"url":"","id":""},"_ha_background_overlay_hover_slideshow_gallery":[],"_mask_image":{"url":"","id":""},"ha_advanced_tooltip_title_section_bg_color_image":{"url":"","id":""},"ha_advanced_tooltip_title_section_bg_color_video_fallback":{"url":"","id":""},"ha_advanced_tooltip_title_section_bg_color_slideshow_gallery":[]},"elements":[],"isInner":false,"widgetType":"heading","elType":"widget"},{"id":"1529bd45","settings":{"social_icon_list":[{"social_icon":{"value":"fab fa-facebook","library":"fa-brands"},"_id":"1a77b29","link":{"url":"","is_external":"true","nofollow":"","custom_attributes":""},"item_icon_color":"default","item_icon_primary_color":"","item_icon_secondary_color":""},{"social_icon":{"value":"fab fa-twitter","library":"fa-brands"},"_id":"bcc0226","link":{"url":"","is_external":"true","nofollow":"","custom_attributes":""},"item_icon_color":"default","item_icon_primary_color":"","item_icon_secondary_color":""},{"social_icon":{"value":"fab fa-youtube","library":"fa-brands"},"_id":"5cec97f","link":{"url":"","is_external":"true","nofollow":"","custom_attributes":""},"item_icon_color":"default","item_icon_primary_color":"","item_icon_secondary_color":""}],"shape":"circle","icon_color":"custom","icon_primary_color":"#FFFFFF","icon_secondary_color":"#000000","icon_size":{"unit":"px","size":16,"sizes":[]},"icon_spacing":{"unit":"px","size":15,"sizes":[]},"_background_image":{"url":"","id":""},"_background_video_fallback":{"url":"","id":""},"_background_slideshow_gallery":[],"_background_hover_image":{"url":"","id":""},"_background_hover_video_fallback":{"url":"","id":""},"_background_hover_slideshow_gallery":[],"_ha_background_overlay_image":{"url":"","id":""},"_ha_background_overlay_video_fallback":{"url":"","id":""},"_ha_background_overlay_slideshow_gallery":[],"_ha_background_overlay_hover_image":{"url":"","id":""},"_ha_background_overlay_hover_video_fallback":{"url":"","id":""},"_ha_background_overlay_hover_slideshow_gallery":[],"_mask_image":{"url":"","id":""},"ha_advanced_tooltip_title_section_bg_color_image":{"url":"","id":""},"ha_advanced_tooltip_title_section_bg_color_video_fallback":{"url":"","id":""},"ha_advanced_tooltip_title_section_bg_color_slideshow_gallery":[]},"elements":[],"isInner":false,"widgetType":"social-icons","elType":"widget"}],"isInner":false,"elType":"container"}],"isInner":false,"elType":"container"},{"id":"5a53c081","settings":{"flex_direction":"row","content_width":"full","background_background":"classic","background_color":"#000000","margin":{"unit":"px","top":"","right":"","bottom":"","left":"","isLinked":false},"padding":{"unit":"px","top":"60","right":"20","bottom":"60","left":"20","isLinked":false},"background_image":{"url":"","id":""},"background_video_fallback":{"url":"","id":""},"background_slideshow_gallery":[],"background_hover_image":{"url":"","id":""},"background_hover_video_fallback":{"url":"","id":""},"background_hover_slideshow_gallery":[],"background_overlay_image":{"url":"","id":""},"background_overlay_video_fallback":{"url":"","id":""},"background_overlay_slideshow_gallery":[],"background_overlay_hover_image":{"url":"","id":""},"background_overlay_hover_video_fallback":{"url":"","id":""},"background_overlay_hover_slideshow_gallery":[]},"elements":[{"id":"5de0f6df","settings":{"content_width":"full","width":{"unit":"%","size":30,"sizes":[]},"flex_align_items":"flex-start","background_image":{"url":"","id":""},"background_video_fallback":{"url":"","id":""},"background_slideshow_gallery":[],"background_hover_image":{"url":"","id":""},"background_hover_video_fallback":{"url":"","id":""},"background_hover_slideshow_gallery":[],"background_overlay_image":{"url":"","id":""},"background_overlay_video_fallback":{"url":"","id":""},"background_overlay_slideshow_gallery":[],"background_overlay_hover_image":{"url":"","id":""},"background_overlay_hover_video_fallback":{"url":"","id":""},"background_overlay_hover_slideshow_gallery":[]},"elements":[{"id":"2407c350","settings":{"title":"Copyright \u00a9 2022 Noise 13. All Rights Reserved.","title_color":"#FFFFFF","typography_typography":"custom","typography_font_family":"Roboto","typography_font_size":{"unit":"px","size":16,"sizes":[]},"typography_font_weight":"400","_background_image":{"url":"","id":""},"_background_video_fallback":{"url":"","id":""},"_background_slideshow_gallery":[],"_background_hover_image":{"url":"","id":""},"_background_hover_video_fallback":{"url":"","id":""},"_background_hover_slideshow_gallery":[],"_ha_background_overlay_image":{"url":"","id":""},"_ha_background_overlay_video_fallback":{"url":"","id":""},"_ha_background_overlay_slideshow_gallery":[],"_ha_background_overlay_hover_image":{"url":"","id":""},"_ha_background_overlay_hover_video_fallback":{"url":"","id":""},"_ha_background_overlay_hover_slideshow_gallery":[],"_mask_image":{"url":"","id":""},"ha_advanced_tooltip_title_section_bg_color_image":{"url":"","id":""},"ha_advanced_tooltip_title_section_bg_color_video_fallback":{"url":"","id":""},"ha_advanced_tooltip_title_section_bg_color_slideshow_gallery":[]},"elements":[],"isInner":false,"widgetType":"heading","elType":"widget"}],"isInner":false,"elType":"container"},{"id":"1f122978","settings":{"content_width":"full","width":{"unit":"%","size":70,"sizes":[]},"flex_align_items":"flex-start","background_image":{"url":"","id":""},"background_video_fallback":{"url":"","id":""},"background_slideshow_gallery":[],"background_hover_image":{"url":"","id":""},"background_hover_video_fallback":{"url":"","id":""},"background_hover_slideshow_gallery":[],"background_overlay_image":{"url":"","id":""},"background_overlay_video_fallback":{"url":"","id":""},"background_overlay_slideshow_gallery":[],"background_overlay_hover_image":{"url":"","id":""},"background_overlay_hover_video_fallback":{"url":"","id":""},"background_overlay_hover_slideshow_gallery":[]},"elements":[{"id":"6c0ebfde","settings":{"title":"Privacy Policy","title_color":"#FFFFFF","typography_typography":"custom","typography_font_family":"Roboto","typography_font_size":{"unit":"px","size":16,"sizes":[]},"typography_font_weight":"400","typography_text_decoration":"underline","_background_image":{"url":"","id":""},"_background_video_fallback":{"url":"","id":""},"_background_slideshow_gallery":[],"_background_hover_image":{"url":"","id":""},"_background_hover_video_fallback":{"url":"","id":""},"_background_hover_slideshow_gallery":[],"_ha_background_overlay_image":{"url":"","id":""},"_ha_background_overlay_video_fallback":{"url":"","id":""},"_ha_background_overlay_slideshow_gallery":[],"_ha_background_overlay_hover_image":{"url":"","id":""},"_ha_background_overlay_hover_video_fallback":{"url":"","id":""},"_ha_background_overlay_hover_slideshow_gallery":[],"_mask_image":{"url":"","id":""},"ha_advanced_tooltip_title_section_bg_color_image":{"url":"","id":""},"ha_advanced_tooltip_title_section_bg_color_video_fallback":{"url":"","id":""},"ha_advanced_tooltip_title_section_bg_color_slideshow_gallery":[]},"elements":[],"isInner":false,"widgetType":"heading","elType":"widget"}],"isInner":false,"elType":"container"}],"isInner":false,"elType":"container"}],"page_settings":{"eael_ext_toc_title":"Table of Contents","eael_ext_table_of_content_header_icon":{"value":"fas fa-list","library":"fa-solid"},"eael_ext_scroll_to_top_button_icon_image":{"value":"fas fa-chevron-up","library":"fa-solid"},"background_image":{"url":"","id":""},"background_video_fallback":{"url":"","id":""},"background_slideshow_gallery":[]},"version":"0.4","title":"Main Footer","type":"page"}