{"content":[{"id":"663105fe","settings":{"flex_direction":"column","content_width":"full","min_height":{"unit":"vh","size":100,"sizes":[]},"min_height_tablet":{"unit":"vh","size":"","sizes":[]},"min_height_mobile":{"unit":"vh","size":"","sizes":[]},"background_background":"classic","background_color":"#FEC52D","padding":{"unit":"%","top":"0","right":"5","bottom":"0","left":"40","isLinked":false},"flex_justify_content":"center","overflow":"hidden","padding_tablet":{"unit":"%","top":"0","right":"5","bottom":"0","left":"5","isLinked":false},"padding_mobile":{"unit":"%","top":"","right":"","bottom":"","left":"","isLinked":true},"_element_id":"yellow_hero","custom_css":"#yellow_hero {\n    position: relative;\n}\n#yellow_hero::before {\n    content: '';\n    position: absolute;\n    top: 50%;\n    left: 50%;\n    transform: translate(-50% , -50%);\n    height: 350px;\n    width: 350px;\n    background: white;\n    border-radius: 44% 35% 28% 42% \/ 40% 39% 48% 38% ;\n    z-index: -1;\n    animation: water-animation 6s infinite linear;\n}\n@media (max-width:900px) {\n    #yellow_hero::before {  \n        left: 50%; \n        height: 140px;\n        width:140px;\n    }\n}\n@keyframes water-animation {\n    0%{border-radius: 44% 35% 28% 42% \/ 40% 39% 48% 38% ;}\n    20%{border-radius: 44% 45% 47% 42% \/ 27% 39% 48% 60% ;}\n    40%{border-radius:40% 37% 50% 39% \/ 44% 26% 52% 29%  ;}\n    60%{border-radius:67% 23% 50% 39% \/ 68% 39% 30% 17%  ;}\n    10%{border-radius:44% 35% 28% 42% \/ 40% 39% 48% 38% ;}\n}\n\n\n\n\n\n","background_image":{"url":"","id":""},"background_video_fallback":{"url":"","id":""},"background_slideshow_gallery":[],"background_hover_image":{"url":"","id":""},"background_hover_video_fallback":{"url":"","id":""},"background_hover_slideshow_gallery":[],"background_overlay_image":{"url":"","id":""},"background_overlay_video_fallback":{"url":"","id":""},"background_overlay_slideshow_gallery":[],"background_overlay_hover_image":{"url":"","id":""},"background_overlay_hover_video_fallback":{"url":"","id":""},"background_overlay_hover_slideshow_gallery":[]},"elements":[{"id":"ff2250a","settings":{"title":"Strategy","title_color":"#000000","typography_typography":"custom","typography_font_family":"Rufina","typography_font_size":{"unit":"px","size":100,"sizes":[]},"typography_font_size_tablet":{"unit":"px","size":50,"sizes":[]},"typography_font_size_mobile":{"unit":"px","size":55,"sizes":[]},"typography_font_weight":"500","typography_font_style":"italic","_css_classes":"will_hide","ha_advanced_tooltip_title_section_bg_color_image":{"url":"","id":""},"ha_advanced_tooltip_title_section_bg_color_video_fallback":{"url":"","id":""},"ha_advanced_tooltip_title_section_bg_color_slideshow_gallery":[],"_background_image":{"url":"","id":""},"_background_video_fallback":{"url":"","id":""},"_background_slideshow_gallery":[],"_background_hover_image":{"url":"","id":""},"_background_hover_video_fallback":{"url":"","id":""},"_background_hover_slideshow_gallery":[],"_ha_background_overlay_image":{"url":"","id":""},"_ha_background_overlay_video_fallback":{"url":"","id":""},"_ha_background_overlay_slideshow_gallery":[],"_ha_background_overlay_hover_image":{"url":"","id":""},"_ha_background_overlay_hover_video_fallback":{"url":"","id":""},"_ha_background_overlay_hover_slideshow_gallery":[],"_mask_image":{"url":"","id":""}},"elements":[],"isInner":false,"widgetType":"heading","elType":"widget"},{"id":"445e9cac","settings":{"title":"leads to Better\u200b","title_color":"#000000","typography_typography":"custom","typography_font_family":"Rufina","typography_font_size":{"unit":"px","size":100,"sizes":[]},"typography_font_size_tablet":{"unit":"px","size":50,"sizes":[]},"typography_font_size_mobile":{"unit":"px","size":55,"sizes":[]},"typography_font_weight":"500","typography_font_style":"italic","_css_classes":"will_hide","ha_advanced_tooltip_title_section_bg_color_image":{"url":"","id":""},"ha_advanced_tooltip_title_section_bg_color_video_fallback":{"url":"","id":""},"ha_advanced_tooltip_title_section_bg_color_slideshow_gallery":[],"_background_image":{"url":"","id":""},"_background_video_fallback":{"url":"","id":""},"_background_slideshow_gallery":[],"_background_hover_image":{"url":"","id":""},"_background_hover_video_fallback":{"url":"","id":""},"_background_hover_slideshow_gallery":[],"_ha_background_overlay_image":{"url":"","id":""},"_ha_background_overlay_video_fallback":{"url":"","id":""},"_ha_background_overlay_slideshow_gallery":[],"_ha_background_overlay_hover_image":{"url":"","id":""},"_ha_background_overlay_hover_video_fallback":{"url":"","id":""},"_ha_background_overlay_hover_slideshow_gallery":[],"_mask_image":{"url":"","id":""}},"elements":[],"isInner":false,"widgetType":"heading","elType":"widget"},{"id":"339475a2","settings":{"title":"SCROLL  \ud83d\udd3b","align_mobile":"left","title_color":"#2B2D2E","typography_typography":"custom","typography_font_family":"Rosarivo","typography_font_size":{"unit":"px","size":20,"sizes":[]},"typography_font_weight":"500","typography_font_style":"italic","_css_classes":"will_hide","custom_css":"selector {\n    position: absolute;\n    left: 40%; \n    top: 80%\n}\n@media(max-width:900px) {\n    selector {\n        left:5%;\n    }\n}","ha_advanced_tooltip_title_section_bg_color_image":{"url":"","id":""},"ha_advanced_tooltip_title_section_bg_color_video_fallback":{"url":"","id":""},"ha_advanced_tooltip_title_section_bg_color_slideshow_gallery":[],"_background_image":{"url":"","id":""},"_background_video_fallback":{"url":"","id":""},"_background_slideshow_gallery":[],"_background_hover_image":{"url":"","id":""},"_background_hover_video_fallback":{"url":"","id":""},"_background_hover_slideshow_gallery":[],"_ha_background_overlay_image":{"url":"","id":""},"_ha_background_overlay_video_fallback":{"url":"","id":""},"_ha_background_overlay_slideshow_gallery":[],"_ha_background_overlay_hover_image":{"url":"","id":""},"_ha_background_overlay_hover_video_fallback":{"url":"","id":""},"_ha_background_overlay_hover_slideshow_gallery":[],"_mask_image":{"url":"","id":""}},"elements":[],"isInner":false,"widgetType":"heading","elType":"widget"},{"id":"5486a280","settings":{"title":"","title_color":"#000000","typography_typography":"custom","typography_font_family":"Rosarivo","typography_font_size":{"unit":"px","size":100,"sizes":[]},"typography_font_weight":"600","ha_advanced_tooltip_title_section_bg_color_image":{"url":"","id":""},"ha_advanced_tooltip_title_section_bg_color_video_fallback":{"url":"","id":""},"ha_advanced_tooltip_title_section_bg_color_slideshow_gallery":[],"_background_image":{"url":"","id":""},"_background_video_fallback":{"url":"","id":""},"_background_slideshow_gallery":[],"_background_hover_image":{"url":"","id":""},"_background_hover_video_fallback":{"url":"","id":""},"_background_hover_slideshow_gallery":[],"_ha_background_overlay_image":{"url":"","id":""},"_ha_background_overlay_video_fallback":{"url":"","id":""},"_ha_background_overlay_slideshow_gallery":[],"_ha_background_overlay_hover_image":{"url":"","id":""},"_ha_background_overlay_hover_video_fallback":{"url":"","id":""},"_ha_background_overlay_hover_slideshow_gallery":[],"_mask_image":{"url":"","id":""}},"elements":[],"isInner":false,"widgetType":"heading","elType":"widget"}],"isInner":false,"elType":"container"},{"id":"5c7e55cf","settings":{"content_width":"full","padding":{"unit":"%","top":"5","right":"5","bottom":"5","left":"5","isLinked":true},"padding_tablet":{"unit":"%","top":"","right":"","bottom":"","left":"","isLinked":true},"padding_mobile":{"unit":"%","top":"","right":"","bottom":"","left":"","isLinked":true},"background_image":{"url":"","id":""},"background_video_fallback":{"url":"","id":""},"background_slideshow_gallery":[],"background_hover_image":{"url":"","id":""},"background_hover_video_fallback":{"url":"","id":""},"background_hover_slideshow_gallery":[],"background_overlay_image":{"url":"","id":""},"background_overlay_video_fallback":{"url":"","id":""},"background_overlay_slideshow_gallery":[],"background_overlay_hover_image":{"url":"","id":""},"background_overlay_hover_video_fallback":{"url":"","id":""},"background_overlay_hover_slideshow_gallery":[]},"elements":[{"id":"2974255b","settings":{"smartsliderid":"2","_padding":{"unit":"%","top":"","right":"","bottom":"","left":"","isLinked":true},"_padding_tablet":{"unit":"%","top":"","right":"","bottom":"","left":"","isLinked":true},"_padding_mobile":{"unit":"%","top":"","right":"","bottom":"","left":"","isLinked":true},"_animation":"fadeInUp","animation_duration":"fast","_animation_delay":300,"ha_advanced_tooltip_title_section_bg_color_image":{"url":"","id":""},"ha_advanced_tooltip_title_section_bg_color_video_fallback":{"url":"","id":""},"ha_advanced_tooltip_title_section_bg_color_slideshow_gallery":[],"_background_image":{"url":"","id":""},"_background_video_fallback":{"url":"","id":""},"_background_slideshow_gallery":[],"_background_hover_image":{"url":"","id":""},"_background_hover_video_fallback":{"url":"","id":""},"_background_hover_slideshow_gallery":[],"_ha_background_overlay_image":{"url":"","id":""},"_ha_background_overlay_video_fallback":{"url":"","id":""},"_ha_background_overlay_slideshow_gallery":[],"_ha_background_overlay_hover_image":{"url":"","id":""},"_ha_background_overlay_hover_video_fallback":{"url":"","id":""},"_ha_background_overlay_hover_slideshow_gallery":[],"_mask_image":{"url":"","id":""}},"elements":[],"isInner":false,"widgetType":"smartslider","elType":"widget"}],"isInner":false,"elType":"container"},{"id":"2b495f5e","settings":{"flex_direction":"column","background_background":"classic","background_color":"#FFC72C","padding":{"unit":"%","top":"5","right":"5","bottom":"5","left":"5","isLinked":true},"padding_tablet":{"unit":"%","top":"","right":"","bottom":"","left":"","isLinked":true},"padding_mobile":{"unit":"%","top":"","right":"","bottom":"","left":"","isLinked":true},"background_image":{"url":"","id":""},"background_video_fallback":{"url":"","id":""},"background_slideshow_gallery":[],"background_hover_image":{"url":"","id":""},"background_hover_video_fallback":{"url":"","id":""},"background_hover_slideshow_gallery":[],"background_overlay_image":{"url":"","id":""},"background_overlay_video_fallback":{"url":"","id":""},"background_overlay_slideshow_gallery":[],"background_overlay_hover_image":{"url":"","id":""},"background_overlay_hover_video_fallback":{"url":"","id":""},"background_overlay_hover_slideshow_gallery":[]},"elements":[{"id":"1b9f89f7","settings":{"title":"Noise 13 is a strategic branding & design agency partnering with businesses motivated to make changes for the better.","title_color":"#000000","typography_typography":"custom","typography_font_family":"Rokkitt","typography_font_size":{"unit":"px","size":40,"sizes":[]},"typography_font_weight":"400","_animation":"fadeInLeft","_animation_delay":200,"ha_advanced_tooltip_title_section_bg_color_image":{"url":"","id":""},"ha_advanced_tooltip_title_section_bg_color_video_fallback":{"url":"","id":""},"ha_advanced_tooltip_title_section_bg_color_slideshow_gallery":[],"_background_image":{"url":"","id":""},"_background_video_fallback":{"url":"","id":""},"_background_slideshow_gallery":[],"_background_hover_image":{"url":"","id":""},"_background_hover_video_fallback":{"url":"","id":""},"_background_hover_slideshow_gallery":[],"_ha_background_overlay_image":{"url":"","id":""},"_ha_background_overlay_video_fallback":{"url":"","id":""},"_ha_background_overlay_slideshow_gallery":[],"_ha_background_overlay_hover_image":{"url":"","id":""},"_ha_background_overlay_hover_video_fallback":{"url":"","id":""},"_ha_background_overlay_hover_slideshow_gallery":[],"_mask_image":{"url":"","id":""}},"elements":[],"isInner":false,"widgetType":"heading","elType":"widget"}],"isInner":false,"elType":"container"},{"id":"52216dfc","settings":{"flex_direction":"column","content_width":"full","flex_gap":{"unit":"px","size":30,"sizes":[]},"margin":{"unit":"%","top":"","right":"","bottom":"","left":"","isLinked":true},"margin_tablet":{"unit":"%","top":"","right":"","bottom":"","left":"","isLinked":true},"margin_mobile":{"unit":"%","top":"","right":"","bottom":"","left":"","isLinked":true},"padding":{"unit":"%","top":"5","right":"5","bottom":"5","left":"5","isLinked":true},"padding_tablet":{"unit":"%","top":"","right":"","bottom":"","left":"","isLinked":true},"padding_mobile":{"unit":"%","top":"","right":"","bottom":"","left":"","isLinked":true},"background_image":{"url":"","id":""},"background_video_fallback":{"url":"","id":""},"background_slideshow_gallery":[],"background_hover_image":{"url":"","id":""},"background_hover_video_fallback":{"url":"","id":""},"background_hover_slideshow_gallery":[],"background_overlay_image":{"url":"","id":""},"background_overlay_video_fallback":{"url":"","id":""},"background_overlay_slideshow_gallery":[],"background_overlay_hover_image":{"url":"","id":""},"background_overlay_hover_video_fallback":{"url":"","id":""},"background_overlay_hover_slideshow_gallery":[]},"elements":[{"id":"65016dfb","settings":{"title":"SERVICES","title_color":"#000000","typography_typography":"custom","typography_font_family":"Roboto Slab","typography_font_size":{"unit":"px","size":40,"sizes":[]},"typography_font_weight":"500","_animation":"fadeInDown","ha_advanced_tooltip_title_section_bg_color_image":{"url":"","id":""},"ha_advanced_tooltip_title_section_bg_color_video_fallback":{"url":"","id":""},"ha_advanced_tooltip_title_section_bg_color_slideshow_gallery":[],"_background_image":{"url":"","id":""},"_background_video_fallback":{"url":"","id":""},"_background_slideshow_gallery":[],"_background_hover_image":{"url":"","id":""},"_background_hover_video_fallback":{"url":"","id":""},"_background_hover_slideshow_gallery":[],"_ha_background_overlay_image":{"url":"","id":""},"_ha_background_overlay_video_fallback":{"url":"","id":""},"_ha_background_overlay_slideshow_gallery":[],"_ha_background_overlay_hover_image":{"url":"","id":""},"_ha_background_overlay_hover_video_fallback":{"url":"","id":""},"_ha_background_overlay_hover_slideshow_gallery":[],"_mask_image":{"url":"","id":""}},"elements":[],"isInner":false,"widgetType":"heading","elType":"widget"},{"id":"33c05c21","settings":{"text":"Divider","weight":{"unit":"px","size":2,"sizes":[]},"gap":{"unit":"px","size":2,"sizes":[]},"_animation":"fadeInRight","_animation_delay":200,"icon":{"value":"fas fa-star","library":"fa-solid"},"ha_advanced_tooltip_title_section_bg_color_image":{"url":"","id":""},"ha_advanced_tooltip_title_section_bg_color_video_fallback":{"url":"","id":""},"ha_advanced_tooltip_title_section_bg_color_slideshow_gallery":[],"_background_image":{"url":"","id":""},"_background_video_fallback":{"url":"","id":""},"_background_slideshow_gallery":[],"_background_hover_image":{"url":"","id":""},"_background_hover_video_fallback":{"url":"","id":""},"_background_hover_slideshow_gallery":[],"_ha_background_overlay_image":{"url":"","id":""},"_ha_background_overlay_video_fallback":{"url":"","id":""},"_ha_background_overlay_slideshow_gallery":[],"_ha_background_overlay_hover_image":{"url":"","id":""},"_ha_background_overlay_hover_video_fallback":{"url":"","id":""},"_ha_background_overlay_hover_slideshow_gallery":[],"_mask_image":{"url":"","id":""}},"elements":[],"isInner":false,"widgetType":"divider","elType":"widget"},{"id":"2446980e","settings":{"title":"From naming and strategy, to identity systems and visual design, supporting your brand\u2019s growth is our greatest passion.","title_color":"#000000","typography_typography":"custom","typography_font_family":"Roboto Slab","typography_font_weight":"400","_animation":"fadeInUp","ha_advanced_tooltip_title_section_bg_color_image":{"url":"","id":""},"ha_advanced_tooltip_title_section_bg_color_video_fallback":{"url":"","id":""},"ha_advanced_tooltip_title_section_bg_color_slideshow_gallery":[],"_background_image":{"url":"","id":""},"_background_video_fallback":{"url":"","id":""},"_background_slideshow_gallery":[],"_background_hover_image":{"url":"","id":""},"_background_hover_video_fallback":{"url":"","id":""},"_background_hover_slideshow_gallery":[],"_ha_background_overlay_image":{"url":"","id":""},"_ha_background_overlay_video_fallback":{"url":"","id":""},"_ha_background_overlay_slideshow_gallery":[],"_ha_background_overlay_hover_image":{"url":"","id":""},"_ha_background_overlay_hover_video_fallback":{"url":"","id":""},"_ha_background_overlay_hover_slideshow_gallery":[],"_mask_image":{"url":"","id":""}},"elements":[],"isInner":false,"widgetType":"heading","elType":"widget"},{"id":"51b83ff3","settings":{"title":"GROW WITH US \ud83d\udd3b","title_color":"#000000","typography_typography":"custom","typography_font_family":"Roboto Slab","typography_font_size":{"unit":"px","size":20,"sizes":[]},"typography_font_weight":"400","_animation":"none","ha_advanced_tooltip_title_section_bg_color_image":{"url":"","id":""},"ha_advanced_tooltip_title_section_bg_color_video_fallback":{"url":"","id":""},"ha_advanced_tooltip_title_section_bg_color_slideshow_gallery":[],"_background_image":{"url":"","id":""},"_background_video_fallback":{"url":"","id":""},"_background_slideshow_gallery":[],"_background_hover_image":{"url":"","id":""},"_background_hover_video_fallback":{"url":"","id":""},"_background_hover_slideshow_gallery":[],"_ha_background_overlay_image":{"url":"","id":""},"_ha_background_overlay_video_fallback":{"url":"","id":""},"_ha_background_overlay_slideshow_gallery":[],"_ha_background_overlay_hover_image":{"url":"","id":""},"_ha_background_overlay_hover_video_fallback":{"url":"","id":""},"_ha_background_overlay_hover_slideshow_gallery":[],"_mask_image":{"url":"","id":""}},"elements":[],"isInner":false,"widgetType":"heading","elType":"widget"}],"isInner":false,"elType":"container"},{"id":"38858bdc","settings":{"content_width":"full","padding":{"unit":"%","top":"0","right":"5","bottom":"0","left":"5","isLinked":false},"padding_tablet":{"unit":"%","top":"","right":"","bottom":"","left":"","isLinked":true},"padding_mobile":{"unit":"%","top":"","right":"","bottom":"","left":"","isLinked":true},"background_image":{"url":"","id":""},"background_video_fallback":{"url":"","id":""},"background_slideshow_gallery":[],"background_hover_image":{"url":"","id":""},"background_hover_video_fallback":{"url":"","id":""},"background_hover_slideshow_gallery":[],"background_overlay_image":{"url":"","id":""},"background_overlay_video_fallback":{"url":"","id":""},"background_overlay_slideshow_gallery":[],"background_overlay_hover_image":{"url":"","id":""},"background_overlay_hover_video_fallback":{"url":"","id":""},"background_overlay_hover_slideshow_gallery":[]},"elements":[{"id":"dc7930e","settings":{"title":"BLOGS","title_color":"#000000","typography_typography":"custom","typography_font_family":"Roboto Mono","typography_font_size":{"unit":"px","size":40,"sizes":[]},"typography_font_weight":"800","ha_advanced_tooltip_title_section_bg_color_image":{"url":"","id":""},"ha_advanced_tooltip_title_section_bg_color_video_fallback":{"url":"","id":""},"ha_advanced_tooltip_title_section_bg_color_slideshow_gallery":[],"_background_image":{"url":"","id":""},"_background_video_fallback":{"url":"","id":""},"_background_slideshow_gallery":[],"_background_hover_image":{"url":"","id":""},"_background_hover_video_fallback":{"url":"","id":""},"_background_hover_slideshow_gallery":[],"_ha_background_overlay_image":{"url":"","id":""},"_ha_background_overlay_video_fallback":{"url":"","id":""},"_ha_background_overlay_slideshow_gallery":[],"_ha_background_overlay_hover_image":{"url":"","id":""},"_ha_background_overlay_hover_video_fallback":{"url":"","id":""},"_ha_background_overlay_hover_slideshow_gallery":[],"_mask_image":{"url":"","id":""}},"elements":[],"isInner":false,"widgetType":"heading","elType":"widget"},{"id":"29aa5f5b","settings":{"text":"Divider","weight":{"unit":"px","size":2,"sizes":[]},"gap":{"unit":"px","size":2,"sizes":[]},"icon":{"value":"fas fa-star","library":"fa-solid"},"ha_advanced_tooltip_title_section_bg_color_image":{"url":"","id":""},"ha_advanced_tooltip_title_section_bg_color_video_fallback":{"url":"","id":""},"ha_advanced_tooltip_title_section_bg_color_slideshow_gallery":[],"_background_image":{"url":"","id":""},"_background_video_fallback":{"url":"","id":""},"_background_slideshow_gallery":[],"_background_hover_image":{"url":"","id":""},"_background_hover_video_fallback":{"url":"","id":""},"_background_hover_slideshow_gallery":[],"_ha_background_overlay_image":{"url":"","id":""},"_ha_background_overlay_video_fallback":{"url":"","id":""},"_ha_background_overlay_slideshow_gallery":[],"_ha_background_overlay_hover_image":{"url":"","id":""},"_ha_background_overlay_hover_video_fallback":{"url":"","id":""},"_ha_background_overlay_hover_slideshow_gallery":[],"_mask_image":{"url":"","id":""}},"elements":[],"isInner":false,"widgetType":"divider","elType":"widget"},{"id":"54d66aa","settings":{"team_carousel_repeater":[{"ma_el_team_carousel_name":"March's Top 13: Women Making Creative History ","ma_el_team_carousel_description":"","_id":"5129a43","ma_el_team_carousel_designation":"","ma_el_team_carousel_image":{"id":"","url":"https:\/\/helptroop.com\/wp-content\/plugins\/master-addons\/assets\/images\/placeholder.png"},"ma_el_team_carousel_enable_social_profiles":"yes","ma_el_team_carousel_facebook_link":{"url":"","is_external":true,"nofollow":"","custom_attributes":""},"ma_el_team_carousel_twitter_link":{"url":"","is_external":true,"nofollow":"","custom_attributes":""},"ma_el_team_carousel_instagram_link":{"url":"","is_external":true,"nofollow":"","custom_attributes":""},"ma_el_team_carousel_linkedin_link":{"url":"","is_external":true,"nofollow":"","custom_attributes":""},"ma_el_team_carousel_dribbble_link":{"url":"","is_external":true,"nofollow":"","custom_attributes":""},"ma_el_team_carousel_tiktok_link":{"url":"","is_external":true,"nofollow":"","custom_attributes":""},"ma_el_team_carousel_youtube_link":{"url":"","is_external":true,"nofollow":"","custom_attributes":""},"ma_el_team_carousel_email_link":""},{"ma_el_team_carousel_name":"May\u2019s Top 13: AAPI Creative Industry Leaders","ma_el_team_carousel_description":"","_id":"72c4c36","ma_el_team_carousel_designation":"","ma_el_team_carousel_image":{"id":38,"url":"http:\/\/helptroop.com\/wp-content\/uploads\/2022\/12\/n13_top13_may-2022_1600x1200_with-tag.png"},"ma_el_team_carousel_enable_social_profiles":"yes","ma_el_team_carousel_facebook_link":{"url":"","is_external":true,"nofollow":"","custom_attributes":""},"ma_el_team_carousel_twitter_link":{"url":"","is_external":true,"nofollow":"","custom_attributes":""},"ma_el_team_carousel_instagram_link":{"url":"","is_external":true,"nofollow":"","custom_attributes":""},"ma_el_team_carousel_linkedin_link":{"url":"","is_external":true,"nofollow":"","custom_attributes":""},"ma_el_team_carousel_dribbble_link":{"url":"","is_external":true,"nofollow":"","custom_attributes":""},"ma_el_team_carousel_tiktok_link":{"url":"","is_external":true,"nofollow":"","custom_attributes":""},"ma_el_team_carousel_youtube_link":{"url":"","is_external":true,"nofollow":"","custom_attributes":""},"ma_el_team_carousel_email_link":""},{"ma_el_team_carousel_name":"My Internship: A Metamorphosis","ma_el_team_carousel_description":"","_id":"5b30f0f","ma_el_team_carousel_designation":"","ma_el_team_carousel_image":{"id":39,"url":"http:\/\/helptroop.com\/wp-content\/uploads\/2022\/12\/n13_intern_blog_v3_800x800042821-01-01-03-1.png"},"ma_el_team_carousel_enable_social_profiles":"yes","ma_el_team_carousel_facebook_link":{"url":"","is_external":true,"nofollow":"","custom_attributes":""},"ma_el_team_carousel_twitter_link":{"url":"","is_external":true,"nofollow":"","custom_attributes":""},"ma_el_team_carousel_instagram_link":{"url":"","is_external":true,"nofollow":"","custom_attributes":""},"ma_el_team_carousel_linkedin_link":{"url":"","is_external":true,"nofollow":"","custom_attributes":""},"ma_el_team_carousel_dribbble_link":{"url":"","is_external":true,"nofollow":"","custom_attributes":""},"ma_el_team_carousel_tiktok_link":{"url":"","is_external":true,"nofollow":"","custom_attributes":""},"ma_el_team_carousel_youtube_link":{"url":"","is_external":true,"nofollow":"","custom_attributes":""},"ma_el_team_carousel_email_link":""},{"ma_el_team_carousel_name":"10 Career Advice Quotes for Creative Women","ma_el_team_carousel_description":"","_id":"6c31048","ma_el_team_carousel_designation":"","ma_el_team_carousel_image":{"id":40,"url":"http:\/\/helptroop.com\/wp-content\/uploads\/2022\/12\/n13_800x800.jpg"},"ma_el_team_carousel_enable_social_profiles":"yes","ma_el_team_carousel_facebook_link":{"url":"","is_external":true,"nofollow":"","custom_attributes":""},"ma_el_team_carousel_twitter_link":{"url":"","is_external":true,"nofollow":"","custom_attributes":""},"ma_el_team_carousel_instagram_link":{"url":"","is_external":true,"nofollow":"","custom_attributes":""},"ma_el_team_carousel_linkedin_link":{"url":"","is_external":true,"nofollow":"","custom_attributes":""},"ma_el_team_carousel_dribbble_link":{"url":"","is_external":true,"nofollow":"","custom_attributes":""},"ma_el_team_carousel_tiktok_link":{"url":"","is_external":true,"nofollow":"","custom_attributes":""},"ma_el_team_carousel_youtube_link":{"url":"","is_external":true,"nofollow":"","custom_attributes":""},"ma_el_team_carousel_email_link":""},{"ma_el_team_carousel_name":"We Celebrate All Women, by Design","ma_el_team_carousel_description":"","ma_el_team_carousel_designation":"","_id":"a4e8b67","ma_el_team_carousel_image":{"id":38,"url":"http:\/\/helptroop.com\/wp-content\/uploads\/2022\/12\/n13_top13_may-2022_1600x1200_with-tag.png"},"ma_el_team_carousel_enable_social_profiles":"yes","ma_el_team_carousel_facebook_link":{"url":"","is_external":true,"nofollow":"","custom_attributes":""},"ma_el_team_carousel_twitter_link":{"url":"","is_external":true,"nofollow":"","custom_attributes":""},"ma_el_team_carousel_instagram_link":{"url":"","is_external":true,"nofollow":"","custom_attributes":""},"ma_el_team_carousel_linkedin_link":{"url":"","is_external":true,"nofollow":"","custom_attributes":""},"ma_el_team_carousel_dribbble_link":{"url":"","is_external":true,"nofollow":"","custom_attributes":""},"ma_el_team_carousel_tiktok_link":{"url":"","is_external":true,"nofollow":"","custom_attributes":""},"ma_el_team_carousel_youtube_link":{"url":"","is_external":true,"nofollow":"","custom_attributes":""},"ma_el_team_carousel_email_link":""}],"title_typography_typography":"custom","title_typography_font_family":"Adamina","title_typography_font_size":{"unit":"px","size":20,"sizes":[]},"navigation":"none","columns":"3","_element_width":"inherit","ma_el_team_carousel_bg":"#FFFFFF00","nav_arrows_next_icon":{"value":"eicon-chevron-right","library":"solid"},"nav_arrows_prev_icon":{"value":"eicon-chevron-left","library":"solid"},"ha_advanced_tooltip_title_section_bg_color_image":{"url":"","id":""},"ha_advanced_tooltip_title_section_bg_color_video_fallback":{"url":"","id":""},"ha_advanced_tooltip_title_section_bg_color_slideshow_gallery":[],"_background_image":{"url":"","id":""},"_background_video_fallback":{"url":"","id":""},"_background_slideshow_gallery":[],"_background_hover_image":{"url":"","id":""},"_background_hover_video_fallback":{"url":"","id":""},"_background_hover_slideshow_gallery":[],"_ha_background_overlay_image":{"url":"","id":""},"_ha_background_overlay_video_fallback":{"url":"","id":""},"_ha_background_overlay_slideshow_gallery":[],"_ha_background_overlay_hover_image":{"url":"","id":""},"_ha_background_overlay_hover_video_fallback":{"url":"","id":""},"_ha_background_overlay_hover_slideshow_gallery":[],"_mask_image":{"url":"","id":""}},"elements":[],"isInner":false,"widgetType":"ma-team-members-slider","elType":"widget"}],"isInner":false,"elType":"container"},{"id":"b1db6cb","settings":{"flex_direction":"column","content_width":"full","flex_gap":{"unit":"px","size":30,"sizes":[]},"margin":{"unit":"%","top":"","right":"","bottom":"","left":"","isLinked":true},"margin_tablet":{"unit":"%","top":"","right":"","bottom":"","left":"","isLinked":true},"margin_mobile":{"unit":"%","top":"","right":"","bottom":"","left":"","isLinked":true},"padding":{"unit":"%","top":"5","right":"5","bottom":"5","left":"5","isLinked":true},"padding_tablet":{"unit":"%","top":"","right":"","bottom":"","left":"","isLinked":true},"padding_mobile":{"unit":"%","top":"","right":"","bottom":"","left":"","isLinked":true},"background_image":{"url":"","id":""},"background_video_fallback":{"url":"","id":""},"background_slideshow_gallery":[],"background_hover_image":{"url":"","id":""},"background_hover_video_fallback":{"url":"","id":""},"background_hover_slideshow_gallery":[],"background_overlay_image":{"url":"","id":""},"background_overlay_video_fallback":{"url":"","id":""},"background_overlay_slideshow_gallery":[],"background_overlay_hover_image":{"url":"","id":""},"background_overlay_hover_video_fallback":{"url":"","id":""},"background_overlay_hover_slideshow_gallery":[]},"elements":[{"id":"4c8a2ba8","settings":{"title":"OH! HELLO\n","title_color":"#000000","typography_typography":"custom","typography_font_family":"Roboto Slab","typography_font_size":{"unit":"px","size":40,"sizes":[]},"typography_font_weight":"500","_animation":"fadeInDown","ha_advanced_tooltip_title_section_bg_color_image":{"url":"","id":""},"ha_advanced_tooltip_title_section_bg_color_video_fallback":{"url":"","id":""},"ha_advanced_tooltip_title_section_bg_color_slideshow_gallery":[],"_background_image":{"url":"","id":""},"_background_video_fallback":{"url":"","id":""},"_background_slideshow_gallery":[],"_background_hover_image":{"url":"","id":""},"_background_hover_video_fallback":{"url":"","id":""},"_background_hover_slideshow_gallery":[],"_ha_background_overlay_image":{"url":"","id":""},"_ha_background_overlay_video_fallback":{"url":"","id":""},"_ha_background_overlay_slideshow_gallery":[],"_ha_background_overlay_hover_image":{"url":"","id":""},"_ha_background_overlay_hover_video_fallback":{"url":"","id":""},"_ha_background_overlay_hover_slideshow_gallery":[],"_mask_image":{"url":"","id":""}},"elements":[],"isInner":false,"widgetType":"heading","elType":"widget"},{"id":"4b4c97ce","settings":{"text":"Divider","weight":{"unit":"px","size":2,"sizes":[]},"gap":{"unit":"px","size":2,"sizes":[]},"_animation":"fadeInRight","icon":{"value":"fas fa-star","library":"fa-solid"},"ha_advanced_tooltip_title_section_bg_color_image":{"url":"","id":""},"ha_advanced_tooltip_title_section_bg_color_video_fallback":{"url":"","id":""},"ha_advanced_tooltip_title_section_bg_color_slideshow_gallery":[],"_background_image":{"url":"","id":""},"_background_video_fallback":{"url":"","id":""},"_background_slideshow_gallery":[],"_background_hover_image":{"url":"","id":""},"_background_hover_video_fallback":{"url":"","id":""},"_background_hover_slideshow_gallery":[],"_ha_background_overlay_image":{"url":"","id":""},"_ha_background_overlay_video_fallback":{"url":"","id":""},"_ha_background_overlay_slideshow_gallery":[],"_ha_background_overlay_hover_image":{"url":"","id":""},"_ha_background_overlay_hover_video_fallback":{"url":"","id":""},"_ha_background_overlay_hover_slideshow_gallery":[],"_mask_image":{"url":"","id":""}},"elements":[],"isInner":false,"widgetType":"divider","elType":"widget"},{"id":"7391f49a","settings":{"title":"It all starts with a conversation. If you\u2019re interested in working with us or for us, say hi!","title_color":"#000000","typography_typography":"custom","typography_font_family":"Roboto Slab","typography_font_weight":"400","_animation":"fadeInUp","ha_advanced_tooltip_title_section_bg_color_image":{"url":"","id":""},"ha_advanced_tooltip_title_section_bg_color_video_fallback":{"url":"","id":""},"ha_advanced_tooltip_title_section_bg_color_slideshow_gallery":[],"_background_image":{"url":"","id":""},"_background_video_fallback":{"url":"","id":""},"_background_slideshow_gallery":[],"_background_hover_image":{"url":"","id":""},"_background_hover_video_fallback":{"url":"","id":""},"_background_hover_slideshow_gallery":[],"_ha_background_overlay_image":{"url":"","id":""},"_ha_background_overlay_video_fallback":{"url":"","id":""},"_ha_background_overlay_slideshow_gallery":[],"_ha_background_overlay_hover_image":{"url":"","id":""},"_ha_background_overlay_hover_video_fallback":{"url":"","id":""},"_ha_background_overlay_hover_slideshow_gallery":[],"_mask_image":{"url":"","id":""}},"elements":[],"isInner":false,"widgetType":"heading","elType":"widget"},{"id":"3fb7cab1","settings":{"text":"GROW WITH US","selected_icon":{"value":"hm hm-arrow-right1","library":"happy-icons"},"icon_align":"right","typography_typography":"custom","typography_font_family":"Roboto","typography_font_size":{"unit":"px","size":17,"sizes":[]},"typography_font_weight":"500","button_text_color":"#000000","background_color":"#61CE7000","text_padding":{"unit":"px","top":"0","right":"0","bottom":"0","left":"0","isLinked":true},"background_video_fallback":{"url":"","id":""},"background_slideshow_gallery":[],"button_background_hover_video_fallback":{"url":"","id":""},"button_background_hover_slideshow_gallery":[],"ha_advanced_tooltip_title_section_bg_color_image":{"url":"","id":""},"ha_advanced_tooltip_title_section_bg_color_video_fallback":{"url":"","id":""},"ha_advanced_tooltip_title_section_bg_color_slideshow_gallery":[],"_background_image":{"url":"","id":""},"_background_video_fallback":{"url":"","id":""},"_background_slideshow_gallery":[],"_background_hover_image":{"url":"","id":""},"_background_hover_video_fallback":{"url":"","id":""},"_background_hover_slideshow_gallery":[],"_ha_background_overlay_image":{"url":"","id":""},"_ha_background_overlay_video_fallback":{"url":"","id":""},"_ha_background_overlay_slideshow_gallery":[],"_ha_background_overlay_hover_image":{"url":"","id":""},"_ha_background_overlay_hover_video_fallback":{"url":"","id":""},"_ha_background_overlay_hover_slideshow_gallery":[],"_mask_image":{"url":"","id":""}},"elements":[],"isInner":false,"widgetType":"button","elType":"widget"}],"isInner":false,"elType":"container"}],"page_settings":{"eael_ext_toc_title":"Table of Contents","ep_grid_line_columns":"","ha_grid_number":"","ha_grid_zindex":"1000","eael_ext_table_of_content_header_icon":{"value":"fas fa-list","library":"fa-solid"},"eael_ext_scroll_to_top_button_icon_image":{"value":"fas fa-chevron-up","library":"fa-solid"},"background_image":{"url":"","id":""},"background_video_fallback":{"url":"","id":""},"background_slideshow_gallery":[]},"version":"0.4","title":"home","type":"page"}