{"content":[{"id":"5f4f6155","settings":{"flex_direction":"column","content_width":"full","min_height":{"unit":"vh","size":100,"sizes":[]},"min_height_tablet":{"unit":"vh","size":"","sizes":[]},"min_height_mobile":{"unit":"vh","size":"","sizes":[]},"background_background":"classic","background_color":"#FFFFFF","padding":{"unit":"%","top":"0","right":"5","bottom":"0","left":"40","isLinked":false},"flex_justify_content":"center","overflow":"hidden","padding_tablet":{"unit":"%","top":"0","right":"5","bottom":"0","left":"5","isLinked":false},"padding_mobile":{"unit":"%","top":"","right":"","bottom":"","left":"","isLinked":true},"custom_css":"#yellow_hero {\n    position: relative;\n}\n#yellow_hero::before {\n    content: '';\n    position: absolute;\n    top: 50%;\n    left: 50%;\n    transform: translate(-50% , -50%);\n    height: 350px;\n    width: 350px;\n    background: #ffc72c;\n    border-radius: 44% 35% 28% 42% \/ 40% 39% 48% 38% ;\n    z-index: -1;\n    animation: water-animation 6s infinite linear;\n}\n@media (max-width:900px) {\n    #yellow_hero::before {  \n        left: 50%; \n        height: 140px;\n        width:140px;\n    }\n}\n@keyframes water-animation {\n    0%{border-radius: 44% 35% 28% 42% \/ 40% 39% 48% 38% ;}\n    20%{border-radius: 44% 45% 47% 42% \/ 27% 39% 48% 60% ;}\n    40%{border-radius:40% 37% 50% 39% \/ 44% 26% 52% 29%  ;}\n    60%{border-radius:67% 23% 50% 39% \/ 68% 39% 30% 17%  ;}\n    10%{border-radius:44% 35% 28% 42% \/ 40% 39% 48% 38% ;}\n}\n\n\n\n\n\n","z_index":1,"margin":{"unit":"px","top":"0","right":"0","bottom":"0","left":"0","isLinked":false},"_element_id":"yellow_hero"},"elements":[{"id":"4e9f6f2c","settings":{"title":"Contact","title_color":"#000000","typography_typography":"custom","typography_font_family":"Rufina","typography_font_size":{"unit":"px","size":100,"sizes":[]},"typography_font_size_tablet":{"unit":"px","size":50,"sizes":[]},"typography_font_size_mobile":{"unit":"px","size":55,"sizes":[]},"typography_font_weight":"500","typography_font_style":"italic","_css_classes":"will_hide","ha_advanced_tooltip_content":"I am a tooltip"},"elements":[],"isInner":false,"widgetType":"heading","elType":"widget"},{"id":"5033afca","settings":{"title":"HOME \/ CONTACT","align_mobile":"left","title_color":"#2B2D2E","typography_typography":"custom","typography_font_family":"Rosarivo","typography_font_size":{"unit":"px","size":20,"sizes":[]},"typography_font_weight":"500","typography_font_style":"italic","_css_classes":"will_hide","custom_css":"selector {\n    position: absolute;\n    left: 40%; \n    top: 80%\n}\n@media(max-width:900px) {\n    selector {\n        left:5%;\n    }\n}","ha_advanced_tooltip_content":"I am a tooltip"},"elements":[],"isInner":false,"widgetType":"heading","elType":"widget"},{"id":"654f02e4","settings":{"title":"","title_color":"#000000","typography_typography":"custom","typography_font_family":"Rosarivo","typography_font_size":{"unit":"px","size":100,"sizes":[]},"typography_font_weight":"600","ha_advanced_tooltip_content":"I am a tooltip"},"elements":[],"isInner":false,"widgetType":"heading","elType":"widget"}],"isInner":false,"elType":"container"},{"id":"3e68f5cc","settings":{"_ha_condition_list":[{"_ha_condition_key":"login_status","_ha_condition_operator":"is","_ha_condition_login_status":"login","_id":"9e02edc","_ha_condition_role":"subscriber","_ha_condition_operating_system":"mac_os","_ha_condition_browser":"chrome","_ha_condition_date_range":"17-05-2020 to 19-05-2020","_ha_condition_date":"17-05-2020","_ha_condition_time":"12:00","_ha_condition_day":"monday"}],"ma_el_slider_delay":"5000","flex_direction":"row","flex_align_items":"stretch","flex_gap":{"size":10,"unit":"px"}},"elements":[{"id":"610a8e18","settings":{"_column_size":100,"_ha_condition_list":[{"_ha_condition_key":"login_status","_ha_condition_operator":"is","_ha_condition_login_status":"login","_id":"18d1556","_ha_condition_role":"subscriber","_ha_condition_operating_system":"mac_os","_ha_condition_browser":"chrome","_ha_condition_date_range":"17-05-2020 to 19-05-2020","_ha_condition_date":"17-05-2020","_ha_condition_time":"12:00","_ha_condition_day":"monday"}],"ma_el_slider_delay":"5000","content_width":"full","flex_gap":{"unit":"px","size":10,"sizes":[]}},"elements":[{"id":"5f574d18","settings":{"structure":"20","_ha_condition_list":[{"_ha_condition_key":"login_status","_ha_condition_operator":"is","_ha_condition_login_status":"login","_id":"9fb7217","_ha_condition_role":"subscriber","_ha_condition_operating_system":"mac_os","_ha_condition_browser":"chrome","_ha_condition_date_range":"17-05-2020 to 19-05-2020","_ha_condition_date":"17-05-2020","_ha_condition_time":"12:00","_ha_condition_day":"monday"}],"ma_el_slider_delay":"5000","flex_direction":"row","flex_align_items":"stretch","flex_gap":{"size":10,"unit":"px"},"content_width":"full"},"elements":[{"id":"2ed5763c","settings":{"_column_size":50,"width":{"size":null,"unit":"%"},"_ha_condition_list":[{"_ha_condition_key":"login_status","_ha_condition_operator":"is","_ha_condition_login_status":"login","_id":"9e6bde2","_ha_condition_role":"subscriber","_ha_condition_operating_system":"mac_os","_ha_condition_browser":"chrome","_ha_condition_date_range":"17-05-2020 to 19-05-2020","_ha_condition_date":"17-05-2020","_ha_condition_time":"12:00","_ha_condition_day":"monday"}],"ma_el_slider_delay":"5000","content_width":"full","flex_direction":"column","flex_gap":{"unit":"px","size":0,"sizes":[]}},"elements":[{"id":"2f344c6","settings":{"title":"Feel free to dop us a line","title_color":"#FFC72C","typography_typography":"custom","typography_font_family":"Rosarivo","typography_font_weight":"700","typography_line_height":{"unit":"em","size":1.3,"sizes":[]},"typography_font_size":{"unit":"px","size":36,"sizes":[]},"_margin":{"unit":"px","top":"0","right":"0","bottom":"0","left":"0","isLinked":false},"align_mobile":"left","_ha_condition_list":[{"_ha_condition_key":"login_status","_ha_condition_operator":"is","_ha_condition_login_status":"login","_id":"810b79f","_ha_condition_role":"subscriber","_ha_condition_operating_system":"mac_os","_ha_condition_browser":"chrome","_ha_condition_date_range":"17-05-2020 to 19-05-2020","_ha_condition_date":"17-05-2020","_ha_condition_time":"12:00","_ha_condition_day":"monday"}],"typography_font_size_tablet":{"unit":"px","size":30,"sizes":[]},"typography_font_size_mobile":{"unit":"px","size":30,"sizes":[]},"ha_advanced_tooltip_content":"I am a tooltip"},"elements":[],"isInner":false,"widgetType":"heading","elType":"widget"},{"id":"707bee1e","settings":{"width":{"unit":"%","size":25,"sizes":[]},"align":"left","text":"Divider","weight":{"unit":"px","size":1.5,"sizes":[]},"gap":{"unit":"px","size":10,"sizes":[]},"_margin":{"unit":"px","top":"0","right":"0","bottom":"0","left":"0","isLinked":true},"_padding":{"unit":"px","top":"0","right":"0","bottom":"0","left":"0","isLinked":true},"ha_advanced_tooltip_content":"I am a tooltip"},"elements":[],"isInner":false,"widgetType":"divider","elType":"widget"},{"id":"eb5bb90","settings":{"editor":"<p>Nam libero tempore, cum soluta nobis est eligendi optio cumque nihil impedit quo minus id quod maxime facere possimus.\u00a0<\/p>","align":"left","typography_typography":"custom","typography_font_family":"Nunito","typography_font_size":{"unit":"px","size":18,"sizes":[]},"typography_font_weight":"300","text_color":"#242424","_margin":{"unit":"px","top":"0","right":"0","bottom":"0","left":"0","isLinked":false},"_ha_condition_list":[{"_ha_condition_key":"login_status","_ha_condition_operator":"is","_ha_condition_login_status":"login","_id":"783b6c5","_ha_condition_role":"subscriber","_ha_condition_operating_system":"mac_os","_ha_condition_browser":"chrome","_ha_condition_date_range":"17-05-2020 to 19-05-2020","_ha_condition_date":"17-05-2020","_ha_condition_time":"12:00","_ha_condition_day":"monday"}],"ha_advanced_tooltip_content":"I am a tooltip","_padding":{"unit":"px","top":"0","right":"0","bottom":"0","left":"0","isLinked":true}},"elements":[],"isInner":false,"widgetType":"text-editor","elType":"widget"},{"id":"1a4ecd5c","settings":{"shortcode":"[wpforms id=\"743\" title=\"false\"]","_margin":{"unit":"px","top":"0","right":"0","bottom":"0","left":"0","isLinked":true},"_padding":{"unit":"px","top":"0","right":"0","bottom":"0","left":"0","isLinked":true},"ha_advanced_tooltip_content":"I am a tooltip","custom_css":"selector input,\nselector textarea{\n    background: transparent !important;\n    border: none !important;\n    border-bottom:1px solid black !important;\n    position: relative !important;\n    transition:.3s;\n}\nselector input:focus,\nselector textarea:focus{\n    border-color: #f66753 !important;\n}\n.wpforms-submit-container button { \n    background: #fbc32c !important;\n    border: none !important;\n    width: 30% !important;\n}\n.wpforms-submit-container button:hover { \n    opacity: .6s !important;\n}\nselector label {\n    color: white !important;\n}\nselector label {\n    display: none !important;\n}"},"elements":[],"isInner":false,"widgetType":"shortcode","elType":"widget"}],"isInner":false,"elType":"container"},{"id":"45977bf4","settings":{"_column_size":50,"width":{"size":null,"unit":"%"},"_ha_condition_list":[{"_ha_condition_key":"login_status","_ha_condition_operator":"is","_ha_condition_login_status":"login","_id":"b9c967a","_ha_condition_role":"subscriber","_ha_condition_operating_system":"mac_os","_ha_condition_browser":"chrome","_ha_condition_date_range":"17-05-2020 to 19-05-2020","_ha_condition_date":"17-05-2020","_ha_condition_time":"12:00","_ha_condition_day":"monday"}],"ma_el_slider_delay":"5000","content_width":"full"},"elements":[{"id":"212ea7ef","settings":{"address":"London Eye, London, United Kingdom","height":{"unit":"px","size":580,"sizes":[]},"css_filters_css_filter":"custom","css_filters_saturate":{"unit":"px","size":0,"sizes":[]},"css_filters_hover_css_filter":"custom","hover_transition":{"unit":"px","size":0.5,"sizes":[]},"_ha_condition_list":[{"_ha_condition_key":"login_status","_ha_condition_operator":"is","_ha_condition_login_status":"login","_id":"9a90072","_ha_condition_role":"subscriber","_ha_condition_operating_system":"mac_os","_ha_condition_browser":"chrome","_ha_condition_date_range":"01-06-2020 to 03-06-2020","_ha_condition_date":"01-06-2020","_ha_condition_time":"12:00","_ha_condition_day":"monday"}],"ha_advanced_tooltip_content":"I am a tooltip"},"elements":[],"isInner":false,"widgetType":"google_maps","elType":"widget"}],"isInner":false,"elType":"container"}],"isInner":false,"elType":"container"},{"id":"35e68c50","settings":{"structure":"30","margin":{"unit":"px","top":"50","right":0,"bottom":"0","left":0,"isLinked":false},"_ha_condition_list":[{"_ha_condition_key":"login_status","_ha_condition_operator":"is","_ha_condition_login_status":"login","_id":"673a0f6","_ha_condition_role":"subscriber","_ha_condition_operating_system":"mac_os","_ha_condition_browser":"chrome","_ha_condition_date_range":"17-05-2020 to 19-05-2020","_ha_condition_date":"17-05-2020","_ha_condition_time":"12:00","_ha_condition_day":"monday"}],"ma_el_slider_delay":"5000","flex_direction":"row","flex_align_items":"stretch","flex_gap":{"size":10,"unit":"px"},"content_width":"full","padding":{"unit":"px","top":"0","right":"0","bottom":"0","left":"0","isLinked":true}},"elements":[{"id":"6e45c029","settings":{"_column_size":33,"width":{"size":null,"unit":"%"},"_ha_condition_list":[{"_ha_condition_key":"login_status","_ha_condition_operator":"is","_ha_condition_login_status":"login","_id":"e00d978","_ha_condition_role":"subscriber","_ha_condition_operating_system":"mac_os","_ha_condition_browser":"chrome","_ha_condition_date_range":"17-05-2020 to 19-05-2020","_ha_condition_date":"17-05-2020","_ha_condition_time":"12:00","_ha_condition_day":"monday"}],"ma_el_slider_delay":"5000","content_width":"full","padding":{"unit":"px","top":"0","right":"0","bottom":"0","left":"0","isLinked":true}},"elements":[{"id":"12f520db","settings":{"selected_icon":{"value":"hm hm-location-pointer","library":"happy-icons"},"title":"Bangalore","description":"#73, SGM Complex,Yeswanthpur Circle,Yeswanthpur, Bengaluru, Karnataka 560022.","button_text":"","icon_color":"#FFC72C","title_typography_typography":"custom","title_typography_font_size":{"unit":"px","size":18,"sizes":[]},"title_typography_font_weight":"bold","description_color":"#8c8c8c","_border_width":{"unit":"px","top":"6","right":"6","bottom":"6","left":"6","isLinked":true},"_border_color":"#f5f5f5","_border_radius":{"unit":"px","top":"0","right":"0","bottom":"0","left":"0","isLinked":true},"_box_shadow_box_shadow_type":"yes","_box_shadow_box_shadow":{"horizontal":0,"vertical":0,"blur":0,"spread":0,"color":"rgba(0,0,0,0.5)"},"align":"center","icon_size":{"unit":"px","size":36,"sizes":[]},"title_color":"#242424","_margin":{"unit":"px","top":"0","right":"0","bottom":"0","left":"0","isLinked":false},"_padding":{"unit":"px","top":"30","right":"30","bottom":"30","left":"30","isLinked":true},"_background_background":"classic","_background_color":"rgba(0,0,0,0)","_border_border":"solid","_ha_condition_list":[{"_ha_condition_key":"login_status","_ha_condition_operator":"is","_ha_condition_login_status":"login","_id":"0ee826e","_ha_condition_role":"subscriber","_ha_condition_operating_system":"mac_os","_ha_condition_browser":"chrome","_ha_condition_date_range":"01-06-2020 to 03-06-2020","_ha_condition_date":"01-06-2020","_ha_condition_time":"12:00","_ha_condition_day":"monday"}],"icon_json":{"id":712,"url":"http:\/\/helptroop.com\/wp-content\/uploads\/2023\/01\/placeholder.json"},"image":{"id":713,"url":"http:\/\/helptroop.com\/wp-content\/uploads\/2023\/01\/placeholder.png"},"icon_cdn":"https:\/\/cdn.lordicon.com\/lupuorrc.json","custom_target":".example","media_border_border":"none","button_border_border":"none","ha_advanced_tooltip_content":"I am a tooltip","custom_css":"selector {\n    height: 100%;\n}\nselector .elementor-widget-container {\n    height: 100%;\n}"},"elements":[],"isInner":false,"widgetType":"ha-infobox","elType":"widget"}],"isInner":false,"elType":"container"},{"id":"33cfcc11","settings":{"_column_size":33,"width":{"size":null,"unit":"%"},"_ha_condition_list":[{"_ha_condition_key":"login_status","_ha_condition_operator":"is","_ha_condition_login_status":"login","_id":"1c95b4c","_ha_condition_role":"subscriber","_ha_condition_operating_system":"mac_os","_ha_condition_browser":"chrome","_ha_condition_date_range":"17-05-2020 to 19-05-2020","_ha_condition_date":"17-05-2020","_ha_condition_time":"12:00","_ha_condition_day":"monday"}],"ma_el_slider_delay":"5000","content_width":"full","padding":{"unit":"px","top":"0","right":"0","bottom":"0","left":"0","isLinked":true}},"elements":[{"id":"185c8aa6","settings":{"selected_icon":{"value":"hm hm-location-pointer","library":"happy-icons"},"title":"Chitradurga","description":"Kudalasangameshwara arcade,Second floor\n B.D Road, Chitradurga - 577501.","button_text":"","icon_color":"#FFC72C","title_typography_typography":"custom","title_typography_font_size":{"unit":"px","size":18,"sizes":[]},"title_typography_font_weight":"bold","description_color":"#8c8c8c","_border_width":{"unit":"px","top":"6","right":"6","bottom":"6","left":"6","isLinked":true},"_border_color":"#f5f5f5","_border_radius":{"unit":"px","top":"0","right":"0","bottom":"0","left":"0","isLinked":true},"_box_shadow_box_shadow_type":"yes","_box_shadow_box_shadow":{"horizontal":0,"vertical":0,"blur":0,"spread":0,"color":"rgba(0,0,0,0.5)"},"align":"center","icon_size":{"unit":"px","size":36,"sizes":[]},"title_color":"#242424","_margin":{"unit":"px","top":"0","right":"0","bottom":"0","left":"0","isLinked":false},"_padding":{"unit":"px","top":"30","right":"30","bottom":"30","left":"30","isLinked":true},"_background_background":"classic","_background_color":"rgba(0,0,0,0)","_border_border":"solid","_ha_condition_list":[{"_ha_condition_key":"login_status","_ha_condition_operator":"is","_ha_condition_login_status":"login","_id":"0af9133","_ha_condition_role":"subscriber","_ha_condition_operating_system":"mac_os","_ha_condition_browser":"chrome","_ha_condition_date_range":"01-06-2020 to 03-06-2020","_ha_condition_date":"01-06-2020","_ha_condition_time":"12:00","_ha_condition_day":"monday"}],"icon_json":{"id":714,"url":"http:\/\/helptroop.com\/wp-content\/uploads\/2023\/01\/placeholder-1.json"},"image":{"id":715,"url":"http:\/\/helptroop.com\/wp-content\/uploads\/2023\/01\/placeholder-1.png"},"icon_cdn":"https:\/\/cdn.lordicon.com\/lupuorrc.json","custom_target":".example","button_border_border":"none","ha_advanced_tooltip_content":"I am a tooltip","custom_css":"selector {\n    height: 100%;\n}\nselector .elementor-widget-container {\n    height: 100%;\n}"},"elements":[],"isInner":false,"widgetType":"ha-infobox","elType":"widget"}],"isInner":false,"elType":"container"},{"id":"641634cf","settings":{"_column_size":33,"width":{"size":null,"unit":"%"},"_ha_condition_list":[{"_ha_condition_key":"login_status","_ha_condition_operator":"is","_ha_condition_login_status":"login","_id":"c9b3946","_ha_condition_role":"subscriber","_ha_condition_operating_system":"mac_os","_ha_condition_browser":"chrome","_ha_condition_date_range":"17-05-2020 to 19-05-2020","_ha_condition_date":"17-05-2020","_ha_condition_time":"12:00","_ha_condition_day":"monday"}],"ma_el_slider_delay":"5000","content_width":"full","padding":{"unit":"px","top":"0","right":"0","bottom":"0","left":"0","isLinked":true}},"elements":[{"id":"47319b98","settings":{"selected_icon":{"value":"hm hm-location-pointer","library":"happy-icons"},"title":"Mysore","description":"#33 Ananda Nagar, New Kantha Raj URS road near Ring road <br>\nMysore - 22 Landmark  (opp to more super market) Contact Sindhu (HR)9513935117","button_text":"","icon_color":"#FFC72C","title_typography_typography":"custom","title_typography_font_size":{"unit":"px","size":18,"sizes":[]},"title_typography_font_weight":"bold","description_color":"#8c8c8c","_border_width":{"unit":"px","top":"6","right":"6","bottom":"6","left":"6","isLinked":true},"_border_color":"#f5f5f5","_border_radius":{"unit":"px","top":"0","right":"0","bottom":"0","left":"0","isLinked":true},"_box_shadow_box_shadow_type":"yes","_box_shadow_box_shadow":{"horizontal":0,"vertical":0,"blur":0,"spread":0,"color":"rgba(0,0,0,0.5)"},"align":"center","icon_size":{"unit":"px","size":36,"sizes":[]},"title_color":"#242424","_margin":{"unit":"px","top":"0","right":"0","bottom":"0","left":"0","isLinked":false},"_padding":{"unit":"px","top":"30","right":"30","bottom":"30","left":"30","isLinked":true},"_background_background":"classic","_background_color":"rgba(0,0,0,0)","_border_border":"solid","_ha_condition_list":[{"_ha_condition_key":"login_status","_ha_condition_operator":"is","_ha_condition_login_status":"login","_id":"5f331cb","_ha_condition_role":"subscriber","_ha_condition_operating_system":"mac_os","_ha_condition_browser":"chrome","_ha_condition_date_range":"01-06-2020 to 03-06-2020","_ha_condition_date":"01-06-2020","_ha_condition_time":"12:00","_ha_condition_day":"monday"}],"icon_json":{"id":716,"url":"http:\/\/helptroop.com\/wp-content\/uploads\/2023\/01\/placeholder-2.json"},"image":{"id":717,"url":"http:\/\/helptroop.com\/wp-content\/uploads\/2023\/01\/placeholder-2.png"},"icon_cdn":"https:\/\/cdn.lordicon.com\/lupuorrc.json","custom_target":".example","ha_advanced_tooltip_content":"I am a tooltip","custom_css":"selector {\n    height: 100%;\n}\nselector .elementor-widget-container {\n    height: 100%;\n}"},"elements":[],"isInner":false,"widgetType":"ha-infobox","elType":"widget"}],"isInner":false,"elType":"container"}],"isInner":false,"elType":"container"},{"id":"6b4670a8","settings":{"structure":"20","margin":{"unit":"px","top":"0","right":"0","bottom":"0","left":"0","isLinked":false},"_ha_condition_list":[{"_ha_condition_key":"login_status","_ha_condition_operator":"is","_ha_condition_login_status":"login","_id":"673a0f6","_ha_condition_role":"subscriber","_ha_condition_operating_system":"mac_os","_ha_condition_browser":"chrome","_ha_condition_date_range":"17-05-2020 to 19-05-2020","_ha_condition_date":"17-05-2020","_ha_condition_time":"12:00","_ha_condition_day":"monday"}],"ma_el_slider_delay":"5000","flex_direction":"row","flex_align_items":"stretch","flex_gap":{"size":10,"unit":"px"},"content_width":"full","padding":{"unit":"px","top":"0","right":"0","bottom":"0","left":"0","isLinked":true}},"elements":[{"id":"4e209c66","settings":{"_column_size":50,"width":{"size":null,"unit":"%"},"_ha_condition_list":[{"_ha_condition_key":"login_status","_ha_condition_operator":"is","_ha_condition_login_status":"login","_id":"e00d978","_ha_condition_role":"subscriber","_ha_condition_operating_system":"mac_os","_ha_condition_browser":"chrome","_ha_condition_date_range":"17-05-2020 to 19-05-2020","_ha_condition_date":"17-05-2020","_ha_condition_time":"12:00","_ha_condition_day":"monday"}],"ma_el_slider_delay":"5000","content_width":"full","padding":{"unit":"px","top":"0","right":"0","bottom":"0","left":"0","isLinked":true}},"elements":[{"id":"188ca72d","settings":{"selected_icon":{"value":"hm hm-map-marker","library":"happy-icons"},"title":"Email","description":"info@sunbizsolution.com","button_text":"","icon_color":"#FFC72C","title_typography_typography":"custom","title_typography_font_size":{"unit":"px","size":18,"sizes":[]},"title_typography_font_weight":"bold","description_color":"#8c8c8c","_border_width":{"unit":"px","top":"6","right":"6","bottom":"6","left":"6","isLinked":true},"_border_color":"#f5f5f5","_border_radius":{"unit":"px","top":"0","right":"0","bottom":"0","left":"0","isLinked":true},"_box_shadow_box_shadow_type":"yes","_box_shadow_box_shadow":{"horizontal":0,"vertical":0,"blur":0,"spread":0,"color":"rgba(0,0,0,0.5)"},"align":"center","icon_size":{"unit":"px","size":36,"sizes":[]},"title_color":"#242424","_margin":{"unit":"px","top":"0","right":"0","bottom":"0","left":"0","isLinked":false},"_padding":{"unit":"px","top":"30","right":"30","bottom":"30","left":"30","isLinked":true},"_background_background":"classic","_background_color":"rgba(0,0,0,0)","_border_border":"solid","_ha_condition_list":[{"_ha_condition_key":"login_status","_ha_condition_operator":"is","_ha_condition_login_status":"login","_id":"0ee826e","_ha_condition_role":"subscriber","_ha_condition_operating_system":"mac_os","_ha_condition_browser":"chrome","_ha_condition_date_range":"01-06-2020 to 03-06-2020","_ha_condition_date":"01-06-2020","_ha_condition_time":"12:00","_ha_condition_day":"monday"}],"icon_json":{"id":712,"url":"http:\/\/helptroop.com\/wp-content\/uploads\/2023\/01\/placeholder.json"},"image":{"id":713,"url":"http:\/\/helptroop.com\/wp-content\/uploads\/2023\/01\/placeholder.png"},"icon_cdn":"https:\/\/cdn.lordicon.com\/lupuorrc.json","custom_target":".example","ha_advanced_tooltip_content":"I am a tooltip"},"elements":[],"isInner":false,"widgetType":"ha-infobox","elType":"widget"}],"isInner":false,"elType":"container"},{"id":"620e9c0b","settings":{"_column_size":50,"width":{"size":null,"unit":"%"},"_ha_condition_list":[{"_ha_condition_key":"login_status","_ha_condition_operator":"is","_ha_condition_login_status":"login","_id":"1c95b4c","_ha_condition_role":"subscriber","_ha_condition_operating_system":"mac_os","_ha_condition_browser":"chrome","_ha_condition_date_range":"17-05-2020 to 19-05-2020","_ha_condition_date":"17-05-2020","_ha_condition_time":"12:00","_ha_condition_day":"monday"}],"ma_el_slider_delay":"5000","content_width":"full","padding":{"unit":"px","top":"0","right":"0","bottom":"0","left":"0","isLinked":true}},"elements":[{"id":"62d1561f","settings":{"selected_icon":{"value":"hm hm-phone","library":"happy-icons"},"title":"Phone","description":"(+91) 9513935111","button_text":"","icon_color":"#FFC72C","title_typography_typography":"custom","title_typography_font_size":{"unit":"px","size":18,"sizes":[]},"title_typography_font_weight":"bold","description_color":"#8c8c8c","_border_width":{"unit":"px","top":"6","right":"6","bottom":"6","left":"6","isLinked":true},"_border_color":"#f5f5f5","_border_radius":{"unit":"px","top":"0","right":"0","bottom":"0","left":"0","isLinked":true},"_box_shadow_box_shadow_type":"yes","_box_shadow_box_shadow":{"horizontal":0,"vertical":0,"blur":0,"spread":0,"color":"rgba(0,0,0,0.5)"},"align":"center","icon_size":{"unit":"px","size":36,"sizes":[]},"title_color":"#242424","_margin":{"unit":"px","top":"0","right":"0","bottom":"0","left":"0","isLinked":false},"_padding":{"unit":"px","top":"30","right":"30","bottom":"30","left":"30","isLinked":true},"_background_background":"classic","_background_color":"rgba(0,0,0,0)","_border_border":"solid","_ha_condition_list":[{"_ha_condition_key":"login_status","_ha_condition_operator":"is","_ha_condition_login_status":"login","_id":"0af9133","_ha_condition_role":"subscriber","_ha_condition_operating_system":"mac_os","_ha_condition_browser":"chrome","_ha_condition_date_range":"01-06-2020 to 03-06-2020","_ha_condition_date":"01-06-2020","_ha_condition_time":"12:00","_ha_condition_day":"monday"}],"icon_json":{"id":714,"url":"http:\/\/helptroop.com\/wp-content\/uploads\/2023\/01\/placeholder-1.json"},"image":{"id":715,"url":"http:\/\/helptroop.com\/wp-content\/uploads\/2023\/01\/placeholder-1.png"},"icon_cdn":"https:\/\/cdn.lordicon.com\/lupuorrc.json","custom_target":".example","ha_advanced_tooltip_content":"I am a tooltip"},"elements":[],"isInner":false,"widgetType":"ha-infobox","elType":"widget"}],"isInner":false,"elType":"container"}],"isInner":false,"elType":"container"}],"isInner":false,"elType":"container"}],"isInner":false,"elType":"container"}],"page_settings":{"ha_grid_number":"","ha_grid_zindex":"1000","eael_ext_toc_title":"Table of Contents"},"version":"0.4","title":"CONTACT -> 1","type":"page"}