{"content":[{"id":"2c1f5e3f","settings":{"flex_direction":"column","content_width":"full","min_height":{"unit":"vh","size":100,"sizes":[]},"min_height_tablet":{"unit":"vh","size":"","sizes":[]},"min_height_mobile":{"unit":"vh","size":"","sizes":[]},"background_background":"classic","background_color":"#FFFFFF","padding":{"unit":"%","top":"0","right":"5","bottom":"0","left":"40","isLinked":false},"flex_justify_content":"center","overflow":"hidden","padding_tablet":{"unit":"%","top":"0","right":"5","bottom":"0","left":"5","isLinked":false},"padding_mobile":{"unit":"%","top":"","right":"","bottom":"","left":"","isLinked":true},"custom_css":"#yellow_hero {\n    position: relative;\n}\n#yellow_hero::before {\n    content: '';\n    position: absolute;\n    top: 50%;\n    left: 50%;\n    transform: translate(-50% , -50%);\n    height: 350px;\n    width: 350px;\n    background: #ffc72c;\n    border-radius: 44% 35% 28% 42% \/ 40% 39% 48% 38% ;\n    z-index: -1;\n    animation: water-animation 6s infinite linear;\n}\n@media (max-width:900px) {\n    #yellow_hero::before {  \n        left: 50%; \n        height: 140px;\n        width:140px;\n    }\n}\n@keyframes water-animation {\n    0%{border-radius: 44% 35% 28% 42% \/ 40% 39% 48% 38% ;}\n    20%{border-radius: 44% 45% 47% 42% \/ 27% 39% 48% 60% ;}\n    40%{border-radius:40% 37% 50% 39% \/ 44% 26% 52% 29%  ;}\n    60%{border-radius:67% 23% 50% 39% \/ 68% 39% 30% 17%  ;}\n    10%{border-radius:44% 35% 28% 42% \/ 40% 39% 48% 38% ;}\n}\n\n\n\n\n\n","z_index":1,"margin":{"unit":"px","top":"0","right":"0","bottom":"0","left":"0","isLinked":false},"_element_id":"yellow_hero"},"elements":[{"id":"4e28c757","settings":{"title":"Services","title_color":"#000000","typography_typography":"custom","typography_font_family":"Rufina","typography_font_size":{"unit":"px","size":100,"sizes":[]},"typography_font_size_tablet":{"unit":"px","size":50,"sizes":[]},"typography_font_size_mobile":{"unit":"px","size":55,"sizes":[]},"typography_font_weight":"500","typography_font_style":"italic","_css_classes":"will_hide","ha_advanced_tooltip_content":"I am a tooltip"},"elements":[],"isInner":false,"widgetType":"heading","elType":"widget"},{"id":"324c9786","settings":{"title":"HOME \/ SERVICES","align_mobile":"left","title_color":"#2B2D2E","typography_typography":"custom","typography_font_family":"Rosarivo","typography_font_size":{"unit":"px","size":20,"sizes":[]},"typography_font_weight":"500","typography_font_style":"italic","_css_classes":"will_hide","custom_css":"selector {\n    position: absolute;\n    left: 40%; \n    top: 80%\n}\n@media(max-width:900px) {\n    selector {\n        left:5%;\n    }\n}","ha_advanced_tooltip_content":"I am a tooltip"},"elements":[],"isInner":false,"widgetType":"heading","elType":"widget"},{"id":"4c667da4","settings":{"title":"","title_color":"#000000","typography_typography":"custom","typography_font_family":"Rosarivo","typography_font_size":{"unit":"px","size":100,"sizes":[]},"typography_font_weight":"600","ha_advanced_tooltip_content":"I am a tooltip"},"elements":[],"isInner":false,"widgetType":"heading","elType":"widget"}],"isInner":false,"elType":"container"},{"id":"7fb5a3dd","settings":{"flex_direction":"row","flex_direction_tablet":"column","flex_align_items":"flex-end","flex_gap":{"unit":"px","size":50,"sizes":[]},"flex_gap_tablet":{"unit":"px","size":20,"sizes":[]},"flex_wrap":"nowrap","background_background":"classic","background_color":"#FFFFFF","margin":{"unit":"px","top":"0","right":"0","bottom":"0","left":"0","isLinked":false},"padding":{"unit":"px","top":"20","right":"20","bottom":"40","left":"20","isLinked":false}},"elements":[{"id":"5a70803","settings":{"content_width":"full","width":{"unit":"%","size":60,"sizes":[]},"width_tablet":{"unit":"%","size":100,"sizes":[]},"width_mobile":{"unit":"%","size":"","sizes":[]},"padding":{"unit":"px","top":"0","right":"0","bottom":"0","left":"0","isLinked":false},"flex_direction":"column"},"elements":[{"id":"88b0b8d","settings":{"title":"Banking","title_color":"#000000","typography_typography":"custom","typography_font_family":"Ruda","typography_font_size":{"unit":"px","size":40,"sizes":[]},"typography_font_weight":"900","typography_text_transform":"uppercase","_margin":{"unit":"px","top":"20","right":"0","bottom":"0","left":"0","isLinked":false},"_padding":{"unit":"px","top":"0","right":"0","bottom":"0","left":"0","isLinked":false},"ha_advanced_tooltip_content":"I am a tooltip"},"elements":[],"isInner":false,"widgetType":"heading","elType":"widget"},{"id":"3ba7d29c","settings":{"text":"Divider","gap":{"unit":"px","size":2,"sizes":[]},"ha_advanced_tooltip_content":"I am a tooltip","weight":{"unit":"px","size":3,"sizes":[]}},"elements":[],"isInner":false,"widgetType":"divider","elType":"widget"},{"id":"19ceb274","settings":{"title":"Collection agency companies are looking for partners who can enhance client & customer service,reduce costs and risks and in the course increasing profitability.In today's turbulent environment,the collection agency has been considering out-of-the-box strategies to help weather this uncertainty.We cover the entire customer life-cycle,including customer acquisition,customer care,billing & collections.","header_size":"p","title_color":"#000000","typography_typography":"custom","typography_font_family":"Noto Music","typography_font_size":{"unit":"px","size":20,"sizes":[]},"typography_font_weight":"500","_element_width":"initial","ha_advanced_tooltip_content":"I am a tooltip","typography_font_size_mobile":{"unit":"px","size":15,"sizes":[]}},"elements":[],"isInner":false,"widgetType":"heading","elType":"widget"}],"isInner":false,"elType":"container"},{"id":"d2e385","settings":{"content_width":"full","width":{"unit":"%","size":40,"sizes":[]},"width_tablet":{"unit":"%","size":100,"sizes":[]},"width_mobile":{"unit":"%","size":"","sizes":[]},"flex_justify_content_tablet":"flex-start","flex_align_items_tablet":"flex-start","padding":{"unit":"px","top":"0","right":"0","bottom":"0","left":"0","isLinked":false}},"elements":[{"id":"7f23ba9f","settings":{"image":{"url":"http:\/\/helptroop.com\/wp-content\/uploads\/2023\/01\/banking.jpg","id":489,"alt":"","source":"library"},"image_size":"full","css_filters_css_filter":"custom","image_border_border":"solid","_element_custom_width_tablet":{"unit":"%","size":100,"sizes":[]},"_element_custom_width_mobile":{"unit":"%","size":"","sizes":[]},"ha_advanced_tooltip_content":"I am a tooltip","image_border_width":{"unit":"px","top":"5","right":"5","bottom":"5","left":"5","isLinked":true},"image_border_color":"#F66753"},"elements":[],"isInner":false,"widgetType":"image","elType":"widget"}],"isInner":false,"elType":"container"}],"isInner":false,"elType":"container"},{"id":"1e3a8e4b","settings":{"content_width":"full","flex_direction":"row","flex_justify_content":"space-between","flex_align_items":"center","flex_gap":{"unit":"%","size":"","sizes":[]},"flex_gap_tablet":{"unit":"%","size":"","sizes":[]},"flex_gap_mobile":{"unit":"%","size":2,"sizes":[]},"flex_wrap":"wrap","padding":{"unit":"%","top":"0","right":"10","bottom":"2","left":"10","isLinked":false},"custom_css":"@media (min-width:800px) {\nselector img {\n    margin-top:30px !important;\n}\n}\n@media (max-width:800px) {\nselector img {\n    margin-top:10px !important;\n}\n}","padding_mobile":{"unit":"px","top":"25","right":"0","bottom":"25","left":"0","isLinked":false},"background_background":"classic","background_color":"#FFC72C","padding_tablet":{"unit":"%","top":"","right":"","bottom":"","left":"","isLinked":true},"margin":{"unit":"px","top":"60","right":"0","bottom":"60","left":"0","isLinked":false}},"elements":[{"id":"6f677e32","settings":{"image":{"id":354,"url":"http:\/\/helptroop.com\/wp-content\/uploads\/2023\/01\/bajaj.png","alt":"","source":"library"},"image_size":"full","css_filters_css_filter":"custom","css_filters_saturate":{"unit":"px","size":0,"sizes":[]},"_element_width":"initial","_element_custom_width":{"unit":"%","size":20,"sizes":[]},"_element_custom_width_mobile":{"unit":"%","size":49,"sizes":[]},"css_filters_brightness":{"unit":"px","size":0,"sizes":[]},"ha_advanced_tooltip_content":"I am a tooltip"},"elements":[],"isInner":false,"widgetType":"image","elType":"widget"},{"id":"6cc261e8","settings":{"image":{"id":355,"url":"http:\/\/helptroop.com\/wp-content\/uploads\/2023\/01\/hdfc.png","alt":"","source":"library"},"image_size":"full","css_filters_css_filter":"custom","css_filters_saturate":{"unit":"px","size":0,"sizes":[]},"_element_width":"initial","_element_custom_width_mobile":{"unit":"%","size":49,"sizes":[]},"css_filters_brightness":{"unit":"px","size":115,"sizes":[]},"ha_advanced_tooltip_content":"I am a tooltip"},"elements":[],"isInner":false,"widgetType":"image","elType":"widget"},{"id":"477353b3","settings":{"image":{"id":356,"url":"http:\/\/helptroop.com\/wp-content\/uploads\/2023\/01\/icici.png","alt":"","source":"library"},"image_size":"full","css_filters_css_filter":"custom","css_filters_saturate":{"unit":"px","size":0,"sizes":[]},"_element_width":"initial","_element_custom_width":{"unit":"%","size":20,"sizes":[]},"_element_custom_width_mobile":{"unit":"%","size":45,"sizes":[]},"css_filters_brightness":{"unit":"px","size":0,"sizes":[]},"ha_advanced_tooltip_content":"I am a tooltip"},"elements":[],"isInner":false,"widgetType":"image","elType":"widget"},{"id":"1b78fe6a","settings":{"image":{"id":357,"url":"http:\/\/helptroop.com\/wp-content\/uploads\/2023\/01\/kotak.png","alt":"","source":"library"},"image_size":"full","css_filters_css_filter":"custom","css_filters_saturate":{"unit":"px","size":0,"sizes":[]},"_element_width":"initial","_element_custom_width":{"unit":"%","size":20,"sizes":[]},"_element_custom_width_mobile":{"unit":"%","size":45,"sizes":[]},"css_filters_brightness":{"unit":"px","size":149,"sizes":[]},"ha_advanced_tooltip_content":"I am a tooltip"},"elements":[],"isInner":false,"widgetType":"image","elType":"widget"}],"isInner":false,"elType":"container"},{"id":"69aa0547","settings":{"flex_direction":"row-reverse","flex_direction_tablet":"column","flex_align_items":"flex-start","flex_gap":{"unit":"px","size":50,"sizes":[]},"flex_gap_tablet":{"unit":"px","size":20,"sizes":[]},"flex_wrap":"nowrap","background_background":"classic","background_color":"#FFFFFF","margin":{"unit":"px","top":"0","right":"0","bottom":"0","left":"0","isLinked":false},"padding":{"unit":"px","top":"20","right":"20","bottom":"40","left":"20","isLinked":false}},"elements":[{"id":"bcf3c89","settings":{"content_width":"full","width":{"unit":"%","size":60,"sizes":[]},"width_tablet":{"unit":"%","size":100,"sizes":[]},"width_mobile":{"unit":"%","size":"","sizes":[]},"padding":{"unit":"px","top":"0","right":"0","bottom":"0","left":"0","isLinked":false},"flex_direction":"column"},"elements":[{"id":"80e4294","settings":{"title":"Receivables Management","title_color":"#000000","typography_typography":"custom","typography_font_family":"Ruda","typography_font_size":{"unit":"px","size":40,"sizes":[]},"typography_font_weight":"900","typography_text_transform":"uppercase","_margin":{"unit":"px","top":"20","right":"0","bottom":"0","left":"0","isLinked":false},"_padding":{"unit":"px","top":"0","right":"0","bottom":"0","left":"0","isLinked":false},"ha_advanced_tooltip_content":"I am a tooltip"},"elements":[],"isInner":false,"widgetType":"heading","elType":"widget"},{"id":"6727970","settings":{"text":"Divider","gap":{"unit":"px","size":2,"sizes":[]},"ha_advanced_tooltip_content":"I am a tooltip","weight":{"unit":"px","size":3,"sizes":[]}},"elements":[],"isInner":false,"widgetType":"divider","elType":"widget"},{"id":"7daae0c","settings":{"title":"Our Centers ideally lend itself in outbound services seamlessly with the highest levels of efficiency.The SunBiz has delivered excellence in contributing highest Revenue receivables  client-focused debt collection process which can help to find and contact missing and hard-to-reach debtors thereby increasing your recovery percentage while reducing costs.","header_size":"p","title_color":"#000000","typography_typography":"custom","typography_font_family":"Noto Music","typography_font_size":{"unit":"px","size":20,"sizes":[]},"typography_font_weight":"500","_element_width":"initial","ha_advanced_tooltip_content":"I am a tooltip","typography_font_size_mobile":{"unit":"px","size":15,"sizes":[]}},"elements":[],"isInner":false,"widgetType":"heading","elType":"widget"}],"isInner":false,"elType":"container"},{"id":"64020d93","settings":{"content_width":"full","width":{"unit":"%","size":40,"sizes":[]},"width_tablet":{"unit":"%","size":100,"sizes":[]},"width_mobile":{"unit":"%","size":"","sizes":[]},"flex_justify_content_tablet":"flex-start","flex_align_items_tablet":"flex-start","padding":{"unit":"px","top":"0","right":"0","bottom":"0","left":"0","isLinked":false}},"elements":[{"id":"13d2633e","settings":{"image":{"url":"http:\/\/helptroop.com\/wp-content\/uploads\/2023\/01\/receivables.jpg","id":509,"alt":"","source":"library"},"image_size":"full","css_filters_css_filter":"custom","image_border_border":"solid","_element_custom_width_tablet":{"unit":"%","size":100,"sizes":[]},"_element_custom_width_mobile":{"unit":"%","size":"","sizes":[]},"ha_advanced_tooltip_content":"I am a tooltip","image_border_width":{"unit":"px","top":"5","right":"5","bottom":"5","left":"5","isLinked":true},"image_border_color":"#F66753"},"elements":[],"isInner":false,"widgetType":"image","elType":"widget"}],"isInner":false,"elType":"container"}],"isInner":false,"elType":"container"}],"page_settings":{"ha_grid_number":"","ha_grid_zindex":"1000","eael_ext_toc_title":"Table of Contents"},"version":"0.4","title":"SERVICES -> 1","type":"page"}