{"content":[{"id":"7f72f3cc","settings":{"content_width":"full","padding":{"unit":"%","top":"3","right":"5","bottom":"3","left":"5","isLinked":false},"padding_tablet":{"unit":"%","top":"","right":"","bottom":"","left":"","isLinked":true},"padding_mobile":{"unit":"%","top":"","right":"","bottom":"","left":"","isLinked":true},"flex_direction":"row","flex_justify_content":"space-between","flex_align_items":"center","_element_id":"main-header","background_background":"classic","z_index":99,"pa_condition_repeater":[],"custom_css":"@import url(\"https:\/\/fonts.googleapis.com\/css2?family=Montserrat&family=Poppins&family=Tajawal&family=Ubuntu&display=swap\");\r\n.error-page {\r\n  display: flex;\r\n  align-items: center;\r\n  justify-content: center;\r\n  flex-direction: column;\r\n  gap: 40px;\r\n  height: 100vh;\r\n  width: 100%; }\r\n  .error-page img {\r\n    width: 300px; }\r\n  .error-page .button {\r\n    border-radius: 10px;\r\n    height: 50px;\r\n    width: 200px;\r\n    color: black;\r\n    display: flex;\r\n    align-items: center;\r\n    justify-content: center;\r\n    background: #fec52d; }\r\n\r\n#Custom_Menu {\r\n    transition: .2s;\r\n  position: fixed;\r\n  top: -100%;\r\n  opacity: 0;\r\n  left: 0;\r\n  transition: .3s; }\r\n  #Custom_Menu.open {\r\n    top: 0;\r\n    opacity: 1; }\r\n\r\n#main-header {\r\n  position: fixed;\r\n  transition: .3s;\r\n  top: 0; }\r\n\r\n#open_menu svg {\r\n  transition: .3s; }\r\n  #open_menu svg.active {\r\n    fill: #fec52d !important;\r\n    transform: rotate(90deg); }\r\n\r\n#main_site_logo.change-logo-color {\r\n  filter: invert(50%); }\r\n\r\n#Custom_Menu {\r\n  position: fixed;\r\n  top: -100vh;\r\n  opacity: 0;\r\n  left: 0;\r\n  transition: .3s; }\r\n  #Custom_Menu.open {\r\n    top: 0;\r\n    opacity: 1; }\r\n\r\n#main-header {\r\n  position: fixed;\r\n  top: 0; }\r\n\r\n#open_menu svg {\r\n  transition: .3s; }\r\n  #open_menu svg.active {\r\n    fill: #fec52d !important;\r\n    transform: rotate(90deg); }\r\n\r\n#main_site_logo.change-logo-color {\r\n  filter: invert(50%); }\r\n\r\n* {\r\n  margin: 0;\r\n  padding: 0;\r\n  box-sizing: border-box; \r\n  font-family: 'Tajawal', sans-serif;\r\n  \r\n  text-decoration: none; }\r\n#custom_cursor {\r\n  position: fixed;\r\n  display: none;\r\n  z-index: 500 !important;\r\n  pointer-events:none }\r\n  \r\n  \r\n@media (max-width:900px) {\r\n    #custom_cursor {\r\n        display:none !important;\r\n    }\r\n}\r\n"},"elements":[{"id":"b675213","settings":{"width":{"unit":"px","size":180,"sizes":[]},"width_tablet":{"unit":"px","size":"","sizes":[]},"width_mobile":{"unit":"px","size":"","sizes":[]},"_element_id":"main_site_logo","pa_condition_repeater":[],"image":{"id":49,"url":"http:\/\/helptroop.com\/wp-content\/uploads\/2022\/12\/logo.png"},"ha_advanced_tooltip_content":"I am a tooltip"},"elements":[],"isInner":false,"widgetType":"image","elType":"widget"},{"id":"6f3d3a5b","settings":{"selected_icon":{"value":{"id":50,"url":"http:\/\/helptroop.com\/wp-content\/uploads\/2022\/12\/plus.svg"},"library":"svg"},"primary_color":"#000000","_element_id":"open_menu","link":{"url":"#menu","is_external":"","nofollow":"","custom_attributes":""},"hover_primary_color":"#F66753","pa_condition_repeater":[],"ha_advanced_tooltip_content":"I am a tooltip"},"elements":[],"isInner":false,"widgetType":"icon","elType":"widget"}],"isInner":false,"elType":"container"},{"id":"71fcf0c8","settings":{"flex_direction":"column","content_width":"full","width":{"unit":"%","size":100,"sizes":[]},"min_height":{"unit":"vh","size":100,"sizes":[]},"min_height_tablet":{"unit":"vh","size":"","sizes":[]},"min_height_mobile":{"unit":"vh","size":"","sizes":[]},"flex_justify_content":"center","background_background":"classic","background_color":"#000000","_element_id":"Custom_Menu","padding":{"unit":"%","top":"8","right":"8","bottom":"8","left":"8","isLinked":true},"padding_tablet":{"unit":"px","top":"80","right":"0","bottom":"0","left":"030","isLinked":false},"z_index":98,"pa_condition_repeater":[]},"elements":[{"id":"7ad87b54","settings":{"content_width":"full","width":{"unit":"%","size":70,"sizes":[]},"flex_direction":"row","flex_justify_content":"flex-start","flex_wrap":"wrap","pa_condition_repeater":[],"flex_direction_tablet":"column"},"elements":[{"id":"76cdeffa","settings":{"text":"Work,","ha_fixed_size_toggle":"yes","typography_typography":"custom","typography_font_family":"Roboto","typography_font_size":{"unit":"px","size":100,"sizes":[]},"typography_font_size_tablet":{"unit":"px","size":50,"sizes":[]},"typography_font_size_mobile":{"unit":"rem","size":"","sizes":[]},"typography_font_weight":"bold","background_color":"#61CE7000","hover_color":"#FEC52D","text_padding":{"unit":"px","top":"0","right":"0","bottom":"0","left":"0","isLinked":true},"_margin":{"unit":"px","top":"0","right":"0","bottom":"0","left":"0","isLinked":true},"_padding":{"unit":"px","top":"0","right":"0","bottom":"0","left":"0","isLinked":false},"pa_condition_repeater":[],"ha_advanced_tooltip_content":"I am a tooltip"},"elements":[],"isInner":false,"widgetType":"button","elType":"widget"},{"id":"5f983fb9","settings":{"text":"Services,","ha_fixed_size_toggle":"yes","typography_typography":"custom","typography_font_family":"Roboto","typography_font_size":{"unit":"px","size":100,"sizes":[]},"typography_font_size_tablet":{"unit":"px","size":50,"sizes":[]},"typography_font_size_mobile":{"unit":"rem","size":"","sizes":[]},"typography_font_weight":"bold","background_color":"#61CE7000","hover_color":"#FEC52D","text_padding":{"unit":"px","top":"0","right":"0","bottom":"0","left":"0","isLinked":true},"_margin":{"unit":"px","top":"0","right":"0","bottom":"0","left":"0","isLinked":true},"_padding":{"unit":"px","top":"0","right":"0","bottom":"0","left":"0","isLinked":false},"pa_condition_repeater":[],"ha_advanced_tooltip_content":"I am a tooltip"},"elements":[],"isInner":false,"widgetType":"button","elType":"widget"},{"id":"6975fea8","settings":{"text":"About,","ha_fixed_size_toggle":"yes","typography_typography":"custom","typography_font_family":"Roboto","typography_font_size":{"unit":"px","size":100,"sizes":[]},"typography_font_size_tablet":{"unit":"px","size":50,"sizes":[]},"typography_font_size_mobile":{"unit":"rem","size":"","sizes":[]},"typography_font_weight":"bold","background_color":"#61CE7000","hover_color":"#FEC52D","text_padding":{"unit":"px","top":"0","right":"0","bottom":"0","left":"0","isLinked":true},"_margin":{"unit":"px","top":"0","right":"0","bottom":"0","left":"0","isLinked":true},"_padding":{"unit":"px","top":"0","right":"0","bottom":"0","left":"0","isLinked":false},"pa_condition_repeater":[],"ha_advanced_tooltip_content":"I am a tooltip"},"elements":[],"isInner":false,"widgetType":"button","elType":"widget"},{"id":"4184a26e","settings":{"text":"Blog","ha_fixed_size_toggle":"yes","typography_typography":"custom","typography_font_family":"Roboto","typography_font_size":{"unit":"px","size":100,"sizes":[]},"typography_font_size_tablet":{"unit":"px","size":50,"sizes":[]},"typography_font_size_mobile":{"unit":"rem","size":"","sizes":[]},"typography_font_weight":"bold","background_color":"#61CE7000","hover_color":"#FEC52D","text_padding":{"unit":"px","top":"0","right":"0","bottom":"0","left":"0","isLinked":true},"_margin":{"unit":"px","top":"0","right":"0","bottom":"0","left":"0","isLinked":true},"_padding":{"unit":"px","top":"0","right":"0","bottom":"0","left":"0","isLinked":false},"pa_condition_repeater":[],"ha_advanced_tooltip_content":"I am a tooltip"},"elements":[],"isInner":false,"widgetType":"button","elType":"widget"}],"isInner":false,"elType":"container"},{"id":"11494f34","settings":{"content_width":"full","width":{"unit":"%","size":80,"sizes":[]},"flex_direction":"column","flex_justify_content":"flex-start","flex_gap":{"unit":"px","size":20,"sizes":[]},"flex_wrap":"wrap","padding":{"unit":"px","top":"60","right":"0","bottom":"0","left":"0","isLinked":false},"pa_condition_repeater":[],"padding_tablet":{"unit":"px","top":"0","right":"20","bottom":"0","left":"20","isLinked":false}},"elements":[{"id":"29b3dd19","settings":{"title":"BUSINESS INQUIRIES","title_color":"#FFFFFF","typography_typography":"custom","typography_font_family":"Roboto","typography_font_size":{"unit":"px","size":20,"sizes":[]},"typography_font_weight":"600","_margin":{"unit":"px","top":"0","right":"0","bottom":"020","left":"0","isLinked":false},"_padding":{"unit":"px","top":"0","right":"0","bottom":"0","left":"0","isLinked":false},"pa_condition_repeater":[],"ha_advanced_tooltip_content":"I am a tooltip"},"elements":[],"isInner":false,"widgetType":"heading","elType":"widget"},{"id":"54d644a2","settings":{"title":"info@noise13.com","title_color":"#FFFFFF","typography_typography":"custom","typography_font_family":"Roboto","typography_font_size":{"unit":"px","size":20,"sizes":[]},"typography_font_weight":"600","pa_condition_repeater":[],"ha_advanced_tooltip_content":"I am a tooltip"},"elements":[],"isInner":false,"widgetType":"heading","elType":"widget"},{"id":"8e6aafa","settings":{"title":"(415) 957-1313","title_color":"#FFFFFF","typography_typography":"custom","typography_font_family":"Roboto","typography_font_size":{"unit":"px","size":20,"sizes":[]},"typography_font_weight":"600","pa_condition_repeater":[],"ha_advanced_tooltip_content":"I am a tooltip"},"elements":[],"isInner":false,"widgetType":"heading","elType":"widget"}],"isInner":false,"elType":"container"}],"isInner":false,"elType":"container"},{"id":"1670e467","settings":{"z_index":100,"pa_condition_repeater":[],"position":"absolute"},"elements":[{"id":"137525e1","settings":{"width":{"unit":"px","size":40,"sizes":[]},"width_tablet":{"unit":"px","size":"","sizes":[]},"width_mobile":{"unit":"px","size":"","sizes":[]},"_position":"fixed","_z_index":100,"_element_id":"custom_cursor","pa_condition_repeater":[],"image":{"id":51,"url":"http:\/\/helptroop.com\/wp-content\/uploads\/2022\/12\/cursor.svg"},"ha_advanced_tooltip_content":"I am a tooltip"},"elements":[],"isInner":false,"widgetType":"image","elType":"widget"}],"isInner":false,"elType":"container"}],"page_settings":{"ha_grid_number":"","ha_grid_zindex":"1000","eael_ext_toc_title":"Table of Contents","ep_grid_line_columns":""},"version":"0.4","title":"header backup","type":"page"}