{"content":[{"id":"16e7c9a3","settings":{"flex_direction":"column","content_width":"full","min_height":{"unit":"vh","size":100,"sizes":[]},"min_height_tablet":{"unit":"vh","size":"","sizes":[]},"min_height_mobile":{"unit":"vh","size":"","sizes":[]},"background_background":"classic","background_color":"#FFFFFF","padding":{"unit":"%","top":"0","right":"5","bottom":"0","left":"40","isLinked":false},"flex_justify_content":"center","overflow":"hidden","padding_tablet":{"unit":"%","top":"0","right":"5","bottom":"0","left":"5","isLinked":false},"padding_mobile":{"unit":"%","top":"","right":"","bottom":"","left":"","isLinked":true},"custom_css":"#yellow_hero {\n    position: relative;\n}\n#yellow_hero::before {\n    content: '';\n    position: absolute;\n    top: 50%;\n    left: 50%;\n    transform: translate(-50% , -50%);\n    height: 350px;\n    width: 350px;\n    background: #ffc72c;\n    border-radius: 44% 35% 28% 42% \/ 40% 39% 48% 38% ;\n    z-index: -1;\n    animation: water-animation 6s infinite linear;\n}\n@media (max-width:900px) {\n    #yellow_hero::before {  \n        left: 50%; \n        height: 140px;\n        width:140px;\n    }\n}\n@keyframes water-animation {\n    0%{border-radius: 44% 35% 28% 42% \/ 40% 39% 48% 38% ;}\n    20%{border-radius: 44% 45% 47% 42% \/ 27% 39% 48% 60% ;}\n    40%{border-radius:40% 37% 50% 39% \/ 44% 26% 52% 29%  ;}\n    60%{border-radius:67% 23% 50% 39% \/ 68% 39% 30% 17%  ;}\n    10%{border-radius:44% 35% 28% 42% \/ 40% 39% 48% 38% ;}\n}\n\n\n\n\n\n","z_index":1,"margin":{"unit":"px","top":"0","right":"0","bottom":"0","left":"0","isLinked":false},"_element_id":"yellow_hero"},"elements":[{"id":"32ce6508","settings":{"title":"Gallery","title_color":"#000000","typography_typography":"custom","typography_font_family":"Rufina","typography_font_size":{"unit":"px","size":100,"sizes":[]},"typography_font_size_tablet":{"unit":"px","size":50,"sizes":[]},"typography_font_size_mobile":{"unit":"px","size":55,"sizes":[]},"typography_font_weight":"500","typography_font_style":"italic","_css_classes":"will_hide","ha_advanced_tooltip_content":"I am a tooltip"},"elements":[],"isInner":false,"widgetType":"heading","elType":"widget"},{"id":"1910f33b","settings":{"title":"HOME \/ GALLERY","align_mobile":"left","title_color":"#2B2D2E","typography_typography":"custom","typography_font_family":"Rosarivo","typography_font_size":{"unit":"px","size":20,"sizes":[]},"typography_font_weight":"500","typography_font_style":"italic","_css_classes":"will_hide","custom_css":"selector {\n    position: absolute;\n    left: 40%; \n    top: 80%\n}\n@media(max-width:900px) {\n    selector {\n        left:5%;\n    }\n}","ha_advanced_tooltip_content":"I am a tooltip"},"elements":[],"isInner":false,"widgetType":"heading","elType":"widget"},{"id":"5804ba24","settings":{"title":"","title_color":"#000000","typography_typography":"custom","typography_font_family":"Rosarivo","typography_font_size":{"unit":"px","size":100,"sizes":[]},"typography_font_weight":"600","ha_advanced_tooltip_content":"I am a tooltip"},"elements":[],"isInner":false,"widgetType":"heading","elType":"widget"}],"isInner":false,"elType":"container"},{"id":"4ed1d39","settings":[],"elements":[{"id":"4fe5b759","settings":{"gallery":[{"filter":"Bangalor","images":[{"id":623,"url":"http:\/\/helptroop.com\/wp-content\/uploads\/2023\/01\/bangalore-2.jpg"},{"id":624,"url":"http:\/\/helptroop.com\/wp-content\/uploads\/2023\/01\/bangalore-3.jpg"},{"id":625,"url":"http:\/\/helptroop.com\/wp-content\/uploads\/2023\/01\/bangalore-4.jpg"},{"id":626,"url":"http:\/\/helptroop.com\/wp-content\/uploads\/2023\/01\/bangalore-6.jpg"},{"id":627,"url":"http:\/\/helptroop.com\/wp-content\/uploads\/2023\/01\/bangalore-7.jpg"},{"id":628,"url":"http:\/\/helptroop.com\/wp-content\/uploads\/2023\/01\/bangalore-1.jpg"}],"_id":"d774607"},{"_id":"1f1f52d","filter":"MYSORE","images":[{"id":632,"url":"http:\/\/helptroop.com\/wp-content\/uploads\/2023\/01\/001.jpg"},{"id":633,"url":"http:\/\/helptroop.com\/wp-content\/uploads\/2023\/01\/002.jpg"},{"id":634,"url":"http:\/\/helptroop.com\/wp-content\/uploads\/2023\/01\/003.jpg"},{"id":635,"url":"http:\/\/helptroop.com\/wp-content\/uploads\/2023\/01\/004.jpg"},{"id":636,"url":"http:\/\/helptroop.com\/wp-content\/uploads\/2023\/01\/005.jpg"},{"id":637,"url":"http:\/\/helptroop.com\/wp-content\/uploads\/2023\/01\/006.jpg"}]},{"_id":"eb5a44e","filter":"CHITRADURGA","images":[{"id":639,"url":"http:\/\/helptroop.com\/wp-content\/uploads\/2023\/01\/chitradurga-1.jpg"},{"id":640,"url":"http:\/\/helptroop.com\/wp-content\/uploads\/2023\/01\/chitradurga-2.jpg"},{"id":641,"url":"http:\/\/helptroop.com\/wp-content\/uploads\/2023\/01\/chitradurga-3.jpg"},{"id":642,"url":"http:\/\/helptroop.com\/wp-content\/uploads\/2023\/01\/chitradurga-4.jpg"},{"id":643,"url":"http:\/\/helptroop.com\/wp-content\/uploads\/2023\/01\/chitradurga-5.jpg"},{"id":644,"url":"http:\/\/helptroop.com\/wp-content\/uploads\/2023\/01\/employee-1.jpg"},{"id":645,"url":"http:\/\/helptroop.com\/wp-content\/uploads\/2023\/01\/employee-2.jpg"},{"id":646,"url":"http:\/\/helptroop.com\/wp-content\/uploads\/2023\/01\/employee-3.jpg"},{"id":647,"url":"http:\/\/helptroop.com\/wp-content\/uploads\/2023\/01\/employee-4.jpg"},{"id":648,"url":"http:\/\/helptroop.com\/wp-content\/uploads\/2023\/01\/team-1.jpg"},{"id":649,"url":"http:\/\/helptroop.com\/wp-content\/uploads\/2023\/01\/team-2.jpg"},{"id":650,"url":"http:\/\/helptroop.com\/wp-content\/uploads\/2023\/01\/team-4.jpg"},{"id":651,"url":"http:\/\/helptroop.com\/wp-content\/uploads\/2023\/01\/team-5.jpg"},{"id":652,"url":"http:\/\/helptroop.com\/wp-content\/uploads\/2023\/01\/team-6.jpg"}]},{"_id":"03a6c18","filter":"TEAMOUTING","images":[{"id":653,"url":"http:\/\/helptroop.com\/wp-content\/uploads\/2023\/01\/teamout-1.jpg"},{"id":654,"url":"http:\/\/helptroop.com\/wp-content\/uploads\/2023\/01\/teamout-2.jpg"},{"id":655,"url":"http:\/\/helptroop.com\/wp-content\/uploads\/2023\/01\/teamout-4.jpg"},{"id":656,"url":"http:\/\/helptroop.com\/wp-content\/uploads\/2023\/01\/teamout-5.jpg"},{"id":657,"url":"http:\/\/helptroop.com\/wp-content\/uploads\/2023\/01\/teamout-6.jpg"},{"id":658,"url":"http:\/\/helptroop.com\/wp-content\/uploads\/2023\/01\/teamout-7.jpg"}]},{"_id":"2121b98","filter":"WOMENSDAY","images":[{"id":662,"url":"http:\/\/helptroop.com\/wp-content\/uploads\/2023\/01\/employee1.jpg"},{"id":663,"url":"http:\/\/helptroop.com\/wp-content\/uploads\/2023\/01\/employee2.jpg"},{"id":664,"url":"http:\/\/helptroop.com\/wp-content\/uploads\/2023\/01\/womensday-1.jpg"},{"id":665,"url":"http:\/\/helptroop.com\/wp-content\/uploads\/2023\/01\/womensday-2.jpg"},{"id":666,"url":"http:\/\/helptroop.com\/wp-content\/uploads\/2023\/01\/womensday-3.jpg"},{"id":667,"url":"http:\/\/helptroop.com\/wp-content\/uploads\/2023\/01\/womensday-4.jpg"},{"id":668,"url":"http:\/\/helptroop.com\/wp-content\/uploads\/2023\/01\/womensday-5.jpg"},{"id":669,"url":"http:\/\/helptroop.com\/wp-content\/uploads\/2023\/01\/womensday-6.jpg"},{"id":670,"url":"http:\/\/helptroop.com\/wp-content\/uploads\/2023\/01\/womensday-7.jpg"},{"id":671,"url":"http:\/\/helptroop.com\/wp-content\/uploads\/2023\/01\/womensday-8.jpg"},{"id":672,"url":"http:\/\/helptroop.com\/wp-content\/uploads\/2023\/01\/womensday-9.jpg"},{"id":673,"url":"http:\/\/helptroop.com\/wp-content\/uploads\/2023\/01\/womensday-10.jpg"},{"id":674,"url":"http:\/\/helptroop.com\/wp-content\/uploads\/2023\/01\/womensday-11.jpg"},{"id":675,"url":"http:\/\/helptroop.com\/wp-content\/uploads\/2023\/01\/womensday-12.jpg"}]}],"show_filter":"yes","all_filter_label":"All","image_border_radius":{"unit":"px","top":"0","right":"0","bottom":"0","left":"0","isLinked":true},"row_height":{"unit":"px","size":200,"sizes":[]},"button_spacing":{"unit":"px","size":0,"sizes":[]},"button_border_border":"solid","button_border_width":{"unit":"px","top":"0","right":"0","bottom":"0","left":"0","isLinked":false},"button_border_radius":{"unit":"px","top":"0","right":"0","bottom":"0","left":"0","isLinked":true},"button_typography_typography":"custom","button_typography_font_family":"Rosarivo","button_typography_font_size":{"unit":"px","size":15,"sizes":[]},"button_typography_font_weight":"600","button_color":"#545454","button_hover_color":"#ffffff","button_border_color":"#ffffff","button_bg_color":"#ffffff","button_hover_bg_color":"#FFC72C","last_row":"nojustify","thumbnail_size":"medium","_ha_condition_list":[{"_ha_condition_key":"login_status","_ha_condition_operator":"is","_ha_condition_login_status":"login","_ha_condition_role":"subscriber","_ha_condition_operating_system":"mac_os","_ha_condition_browser":"chrome","_ha_condition_date_range":"18-05-2020 to 20-05-2020","_ha_condition_date":"18-05-2020","_ha_condition_time":"12:00","_ha_condition_day":"monday","_id":"9258301"}],"image_css_filters_css_filter":"custom","image_css_filters_brightness":{"unit":"px","size":73,"sizes":[]},"image_css_filters_saturate":{"unit":"px","size":0,"sizes":[]},"image_css_filters_hover_css_filter":"custom","image_css_filters_hover_saturate":{"unit":"px","size":101,"sizes":[]},"button_active_color":"#FFFFFF","button_active_bg_color":"#F49713","ha_advanced_tooltip_content":"I am a tooltip"},"elements":[],"isInner":false,"widgetType":"ha-justified-gallery","elType":"widget"}],"isInner":false,"elType":"container"},{"id":"401b3f59","settings":{"flex_direction":"column","background_background":"classic","background_color":"#FFC72C","margin":{"unit":"px","top":"50","right":"0","bottom":"0","left":"0","isLinked":false},"padding":{"unit":"px","top":"50","right":"0","bottom":"50","left":"0","isLinked":false}},"elements":[{"id":"40c7d5c","settings":{"title":"News Letter","header_size":"h3","align":"center","title_color":"#F66753","typography_typography":"custom","typography_font_family":"Rosarivo","typography_font_size":{"unit":"px","size":33,"sizes":[]},"typography_font_weight":"600","typography_font_style":"italic","ha_advanced_tooltip_content":"I am a tooltip","_margin":{"unit":"px","top":"0","right":"0","bottom":"0","left":"0","isLinked":false}},"elements":[],"isInner":false,"widgetType":"heading","elType":"widget"},{"id":"6c2cbd71","settings":{"title":"Watch out for this Place!","align":"center","title_color":"#000000","typography_typography":"custom","typography_font_family":"Rosarivo","typography_font_size":{"unit":"px","size":35,"sizes":[]},"typography_font_weight":"600","ha_advanced_tooltip_content":"I am a tooltip"},"elements":[],"isInner":false,"widgetType":"heading","elType":"widget"}],"isInner":false,"elType":"container"}],"page_settings":{"ha_grid_number":"","ha_grid_zindex":"1000","eael_ext_toc_title":"Table of Contents"},"version":"0.4","title":"GALLERY -> 1","type":"page"}