{"content":[{"id":"4a560960","settings":{"flex_direction":"column","content_width":"full","min_height":{"unit":"vh","size":100,"sizes":[]},"min_height_tablet":{"unit":"vh","size":"","sizes":[]},"min_height_mobile":{"unit":"vh","size":"","sizes":[]},"background_background":"classic","background_color":"#FFFFFF","padding":{"unit":"%","top":"0","right":"5","bottom":"0","left":"40","isLinked":false},"flex_justify_content":"center","overflow":"hidden","padding_tablet":{"unit":"%","top":"0","right":"5","bottom":"0","left":"5","isLinked":false},"padding_mobile":{"unit":"%","top":"","right":"","bottom":"","left":"","isLinked":true},"custom_css":"#yellow_hero {\n    position: relative;\n}\n#yellow_hero::before {\n    content: '';\n    position: absolute;\n    top: 50%;\n    left: 50%;\n    transform: translate(-50% , -50%);\n    height: 350px;\n    width: 350px;\n    background: #ffc72c;\n    border-radius: 44% 35% 28% 42% \/ 40% 39% 48% 38% ;\n    z-index: -1;\n    animation: water-animation 6s infinite linear;\n}\n@media (max-width:900px) {\n    #yellow_hero::before {  \n        left: 50%; \n        height: 140px;\n        width:140px;\n    }\n}\n@keyframes water-animation {\n    0%{border-radius: 44% 35% 28% 42% \/ 40% 39% 48% 38% ;}\n    20%{border-radius: 44% 45% 47% 42% \/ 27% 39% 48% 60% ;}\n    40%{border-radius:40% 37% 50% 39% \/ 44% 26% 52% 29%  ;}\n    60%{border-radius:67% 23% 50% 39% \/ 68% 39% 30% 17%  ;}\n    10%{border-radius:44% 35% 28% 42% \/ 40% 39% 48% 38% ;}\n}\n\n\n\n\n\n","z_index":1,"margin":{"unit":"px","top":"0","right":"0","bottom":"0","left":"0","isLinked":false},"_element_id":"yellow_hero"},"elements":[{"id":"e4277c0","settings":{"title":"Technology","title_color":"#000000","typography_typography":"custom","typography_font_family":"Rufina","typography_font_size":{"unit":"px","size":100,"sizes":[]},"typography_font_size_tablet":{"unit":"px","size":50,"sizes":[]},"typography_font_size_mobile":{"unit":"px","size":55,"sizes":[]},"typography_font_weight":"500","typography_font_style":"italic","_css_classes":"will_hide","ha_advanced_tooltip_content":"I am a tooltip"},"elements":[],"isInner":false,"widgetType":"heading","elType":"widget"},{"id":"4b50b170","settings":{"title":"HOME \/ TECHNOLOGY","align_mobile":"left","title_color":"#2B2D2E","typography_typography":"custom","typography_font_family":"Rosarivo","typography_font_size":{"unit":"px","size":20,"sizes":[]},"typography_font_weight":"500","typography_font_style":"italic","_css_classes":"will_hide","custom_css":"selector {\n    position: absolute;\n    left: 40%; \n    top: 80%\n}\n@media(max-width:900px) {\n    selector {\n        left:5%;\n    }\n}","ha_advanced_tooltip_content":"I am a tooltip"},"elements":[],"isInner":false,"widgetType":"heading","elType":"widget"},{"id":"62770e08","settings":{"title":"","title_color":"#000000","typography_typography":"custom","typography_font_family":"Rosarivo","typography_font_size":{"unit":"px","size":100,"sizes":[]},"typography_font_weight":"600","ha_advanced_tooltip_content":"I am a tooltip"},"elements":[],"isInner":false,"widgetType":"heading","elType":"widget"}],"isInner":false,"elType":"container"},{"id":"35702506","settings":{"flex_direction":"row","flex_direction_tablet":"column","flex_align_items":"flex-start","flex_gap":{"unit":"px","size":40,"sizes":[]},"flex_gap_tablet":{"unit":"px","size":20,"sizes":[]},"flex_wrap":"nowrap","background_background":"classic","background_color":"#FFC72C","margin":{"unit":"px","top":"0","right":"0","bottom":"0","left":"0","isLinked":false},"padding":{"unit":"px","top":"20","right":"20","bottom":"40","left":"20","isLinked":false}},"elements":[{"id":"61a18638","settings":{"content_width":"full","width":{"unit":"%","size":60,"sizes":[]},"width_tablet":{"unit":"%","size":100,"sizes":[]},"width_mobile":{"unit":"%","size":"","sizes":[]},"flex_direction":"column"},"elements":[{"id":"4e0533d1","settings":{"title":"Voice Infrastructure","title_color":"#000000","typography_typography":"custom","typography_font_family":"Ruda","typography_font_size":{"unit":"px","size":30,"sizes":[]},"typography_font_weight":"600","typography_text_transform":"uppercase","_margin":{"unit":"px","top":"20","right":"0","bottom":"0","left":"0","isLinked":false},"_padding":{"unit":"px","top":"0","right":"0","bottom":"0","left":"0","isLinked":false},"ha_advanced_tooltip_content":"I am a tooltip"},"elements":[],"isInner":false,"widgetType":"heading","elType":"widget"},{"id":"5327f030","settings":{"text":"Divider","gap":{"unit":"px","size":2,"sizes":[]},"ha_advanced_tooltip_content":"I am a tooltip","_animation":"slideInLeft"},"elements":[],"isInner":false,"widgetType":"divider","elType":"widget"},{"id":"5958571f","settings":{"title":"CONVOX - Our Auto dialer system allows management of Out Going calls which creates an immensely effective tool for ready customer recognition and immediate access to related data.It facilitates speed on calls and reduces human error.Our Dialer allows us to maximize agent productive call time.At The SunBiz we value our agent\u2019s efforts and use technology to optimize that effort- we also take care to avoid back to back calls and trim our inflow at times to maintain call quality.","header_size":"p","title_color":"#000000","typography_typography":"custom","typography_font_family":"Noto Music","typography_font_size":{"unit":"px","size":20,"sizes":[]},"typography_font_weight":"500","_element_width":"initial","ha_advanced_tooltip_content":"I am a tooltip","typography_font_size_mobile":{"unit":"px","size":15,"sizes":[]}},"elements":[],"isInner":false,"widgetType":"heading","elType":"widget"}],"isInner":false,"elType":"container"},{"id":"2b53b66f","settings":{"content_width":"full","width":{"unit":"%","size":40,"sizes":[]},"width_tablet":{"unit":"%","size":100,"sizes":[]},"width_mobile":{"unit":"%","size":"","sizes":[]},"flex_justify_content_tablet":"flex-start","flex_align_items_tablet":"flex-start","padding":{"unit":"px","top":"0","right":"0","bottom":"0","left":"0","isLinked":false},"border_border":"solid","border_color":"#F66753","animation":"fadeInRight"},"elements":[{"id":"6256e6d","settings":{"image":{"url":"http:\/\/helptroop.com\/wp-content\/uploads\/2023\/01\/voice-infrastructure.jpg","id":531,"alt":"","source":"library"},"image_size":"full","css_filters_css_filter":"custom","_element_custom_width_tablet":{"unit":"%","size":100,"sizes":[]},"_element_custom_width_mobile":{"unit":"%","size":"","sizes":[]},"ha_advanced_tooltip_content":"I am a tooltip","custom_css":"selector {\n    filter: grayscale(100%);\n    transition: .3s;\n}\nselector:hover {\n    filter:grayscale(0);\n}","image_border_color":"#F66753"},"elements":[],"isInner":false,"widgetType":"image","elType":"widget"}],"isInner":false,"elType":"container"}],"isInner":false,"elType":"container"},{"id":"557c6d7b","settings":{"content_width":"full","flex_direction":"column","flex_gap":{"unit":"px","size":10,"sizes":[]},"padding":{"unit":"px","top":"60","right":"0","bottom":"31","left":"0","isLinked":false}},"elements":[{"id":"6b6136b2","settings":{"title":"Technology at SunBiz","header_size":"h3","align":"center","title_color":"#FFC72C","typography_typography":"custom","typography_font_family":"Rufina","typography_font_size":{"unit":"px","size":20,"sizes":[]},"typography_font_weight":"600","ha_advanced_tooltip_content":"I am a tooltip","_animation":"slideInDown"},"elements":[],"isInner":false,"widgetType":"heading","elType":"widget"},{"id":"5056da9b","settings":{"title":"End to end Secured process","align":"center","title_color":"#000000","typography_typography":"custom","typography_font_family":"Noto Music","typography_font_size":{"unit":"px","size":59,"sizes":[]},"typography_font_weight":"600","ha_advanced_tooltip_content":"I am a tooltip","typography_font_size_mobile":{"unit":"px","size":30,"sizes":[]},"_animation":"slideInUp"},"elements":[],"isInner":false,"widgetType":"heading","elType":"widget"}],"isInner":false,"elType":"container"},{"id":"76774575","settings":{"flex_direction":"column","flex_gap":{"unit":"px","size":60,"sizes":[]},"padding":{"unit":"px","top":"60","right":"0","bottom":"30","left":"0","isLinked":false},"padding_tablet":{"unit":"%","top":"5","right":"5","bottom":"5","left":"5","isLinked":true},"padding_mobile":{"unit":"%","top":"","right":"","bottom":"","left":"","isLinked":true}},"elements":[{"id":"e3b6a24","settings":{"content_width":"full","padding":{"unit":"px","top":"0","right":"0","bottom":"0","left":"0","isLinked":true}},"elements":[{"id":"48e86f59","settings":{"title":"<i class=\"fa-regular fa-circle-dot\"><\/i> \nClient Machines are secured by Antivirus installed on every system and disabling of Pen drive access for data protection.","title_color":"#000000","typography_typography":"custom","typography_font_family":"Noto Nastaliq Urdu","typography_font_weight":"600","ha_advanced_tooltip_content":"I am a tooltip","typography_font_size_mobile":{"unit":"px","size":15,"sizes":[]},"custom_css":"selector i {\n    color: #f49713 !important;\n    padding-right:20px;\n}"},"elements":[],"isInner":false,"widgetType":"heading","elType":"widget"},{"id":"7c88a218","settings":{"text":"Divider","gap":{"unit":"px","size":2,"sizes":[]},"ha_advanced_tooltip_content":"I am a tooltip","_animation":"slideInLeft"},"elements":[],"isInner":false,"widgetType":"divider","elType":"widget"}],"isInner":false,"elType":"container"},{"id":"3fcc4b14","settings":{"content_width":"full","padding":{"unit":"px","top":"0","right":"0","bottom":"0","left":"0","isLinked":true}},"elements":[{"id":"3697e2d","settings":{"title":"<i class=\"fa-regular fa-circle-dot\"><\/i> \nAll End users will have limited access to the internet with respect to their job profile for data protection.","title_color":"#000000","typography_typography":"custom","typography_font_family":"Noto Nastaliq Urdu","typography_font_weight":"600","ha_advanced_tooltip_content":"I am a tooltip","typography_font_size_mobile":{"unit":"px","size":15,"sizes":[]},"custom_css":"selector i {\n    color: #f49713 !important;\n    padding-right:20px;\n}"},"elements":[],"isInner":false,"widgetType":"heading","elType":"widget"},{"id":"2ef0e60c","settings":{"text":"Divider","gap":{"unit":"px","size":2,"sizes":[]},"ha_advanced_tooltip_content":"I am a tooltip","_animation":"slideInRight"},"elements":[],"isInner":false,"widgetType":"divider","elType":"widget"}],"isInner":false,"elType":"container"},{"id":"4bf3e7ec","settings":{"content_width":"full","padding":{"unit":"px","top":"0","right":"0","bottom":"0","left":"0","isLinked":true}},"elements":[{"id":"246183c4","settings":{"title":"<i class=\"fa-regular fa-circle-dot\"><\/i> \nNetwork is secured by Hardware firewall with limited access.","title_color":"#000000","typography_typography":"custom","typography_font_family":"Noto Nastaliq Urdu","typography_font_weight":"600","ha_advanced_tooltip_content":"I am a tooltip","typography_font_size_mobile":{"unit":"px","size":15,"sizes":[]},"custom_css":"selector i {\n    color: #f49713 !important;\n    padding-right:20px;\n}"},"elements":[],"isInner":false,"widgetType":"heading","elType":"widget"},{"id":"28936f3f","settings":{"text":"Divider","gap":{"unit":"px","size":2,"sizes":[]},"ha_advanced_tooltip_content":"I am a tooltip","_animation":"slideInRight"},"elements":[],"isInner":false,"widgetType":"divider","elType":"widget"}],"isInner":false,"elType":"container"},{"id":"509626ae","settings":{"content_width":"full","padding":{"unit":"px","top":"0","right":"0","bottom":"0","left":"0","isLinked":true}},"elements":[{"id":"56069ab2","settings":{"title":"<i class=\"fa-regular fa-circle-dot\"><\/i> \nOur Dialler application has a tool for call Quality Analysis on the standard parameters.","title_color":"#000000","typography_typography":"custom","typography_font_family":"Noto Nastaliq Urdu","typography_font_weight":"600","ha_advanced_tooltip_content":"I am a tooltip","typography_font_size_mobile":{"unit":"px","size":15,"sizes":[]},"custom_css":"selector i {\n    color: #f49713 !important;\n    padding-right:20px;\n}"},"elements":[],"isInner":false,"widgetType":"heading","elType":"widget"},{"id":"197c7d53","settings":{"text":"Divider","gap":{"unit":"px","size":2,"sizes":[]},"ha_advanced_tooltip_content":"I am a tooltip","_animation":"slideInRight"},"elements":[],"isInner":false,"widgetType":"divider","elType":"widget"}],"isInner":false,"elType":"container"},{"id":"377692e6","settings":{"content_width":"full","padding":{"unit":"px","top":"0","right":"0","bottom":"0","left":"0","isLinked":true}},"elements":[{"id":"623b7d9","settings":{"title":"<i class=\"fa-regular fa-circle-dot\"><\/i> \nWe have a system count of 200 plus both Desktops and Laptops. ","title_color":"#000000","typography_typography":"custom","typography_font_family":"Noto Nastaliq Urdu","typography_font_weight":"600","ha_advanced_tooltip_content":"I am a tooltip","typography_font_size_mobile":{"unit":"px","size":15,"sizes":[]},"custom_css":"selector i {\n    color: #f49713 !important;\n    padding-right:20px;\n}"},"elements":[],"isInner":false,"widgetType":"heading","elType":"widget"},{"id":"4b36f941","settings":{"text":"Divider","gap":{"unit":"px","size":2,"sizes":[]},"ha_advanced_tooltip_content":"I am a tooltip","_animation":"slideInLeft"},"elements":[],"isInner":false,"widgetType":"divider","elType":"widget"}],"isInner":false,"elType":"container"},{"id":"7efdc26a","settings":{"content_width":"full","padding":{"unit":"px","top":"0","right":"0","bottom":"0","left":"0","isLinked":true}},"elements":[{"id":"4b6943b5","settings":{"title":"<i class=\"fa-regular fa-circle-dot\"><\/i> \nProjectors are set-up on each floor for a training and presentations.","title_color":"#000000","typography_typography":"custom","typography_font_family":"Noto Nastaliq Urdu","typography_font_weight":"600","ha_advanced_tooltip_content":"I am a tooltip","typography_font_size_mobile":{"unit":"px","size":15,"sizes":[]},"custom_css":"selector i {\n    color: #f49713 !important;\n    padding-right:20px;\n}"},"elements":[],"isInner":false,"widgetType":"heading","elType":"widget"},{"id":"3b0f67df","settings":{"text":"Divider","gap":{"unit":"px","size":2,"sizes":[]},"ha_advanced_tooltip_content":"I am a tooltip","_animation":"bounceInRight"},"elements":[],"isInner":false,"widgetType":"divider","elType":"widget"}],"isInner":false,"elType":"container"},{"id":"6fc9cdcb","settings":{"content_width":"full","padding":{"unit":"px","top":"0","right":"0","bottom":"0","left":"0","isLinked":true}},"elements":[{"id":"52884095","settings":{"title":"<i class=\"fa-regular fa-circle-dot\"><\/i> \nAll Systems are updated with latest software and patch updates as per bank standards.","title_color":"#000000","typography_typography":"custom","typography_font_family":"Noto Nastaliq Urdu","typography_font_weight":"600","ha_advanced_tooltip_content":"I am a tooltip","typography_font_size_mobile":{"unit":"px","size":15,"sizes":[]},"custom_css":"selector i {\n    color: #f49713 !important;\n    padding-right:20px;\n}"},"elements":[],"isInner":false,"widgetType":"heading","elType":"widget"},{"id":"cbf2d01","settings":{"text":"Divider","gap":{"unit":"px","size":2,"sizes":[]},"ha_advanced_tooltip_content":"I am a tooltip","_animation":"fadeInLeft"},"elements":[],"isInner":false,"widgetType":"divider","elType":"widget"}],"isInner":false,"elType":"container"},{"id":"640e75fe","settings":{"content_width":"full","padding":{"unit":"px","top":"0","right":"0","bottom":"0","left":"0","isLinked":true}},"elements":[{"id":"31709868","settings":{"title":"<i class=\"fa-regular fa-circle-dot\"><\/i> \nIT Audits will be done by end of every month as per bank policy where previous month's data should be purged.","title_color":"#000000","typography_typography":"custom","typography_font_family":"Noto Nastaliq Urdu","typography_font_weight":"600","ha_advanced_tooltip_content":"I am a tooltip","typography_font_size_mobile":{"unit":"px","size":15,"sizes":[]},"custom_css":"selector i {\n    color: #f49713 !important;\n    padding-right:20px;\n}"},"elements":[],"isInner":false,"widgetType":"heading","elType":"widget"},{"id":"640d9cbf","settings":{"text":"Divider","gap":{"unit":"px","size":2,"sizes":[]},"ha_advanced_tooltip_content":"I am a tooltip","_animation":"slideInRight"},"elements":[],"isInner":false,"widgetType":"divider","elType":"widget"}],"isInner":false,"elType":"container"}],"isInner":false,"elType":"container"},{"id":"5b7f1ae9","settings":{"custom_css":"selector {\n    display: none !important;\n}"},"elements":[{"id":"f6dc7f4","settings":{"html":"<link href=\"https:\/\/cdn.staticaly.com\/gh\/hung1001\/font-awesome-pro-v6\/44659d9\/css\/all.min.css\" rel=\"stylesheet\" type=\"text\/css\" \/>","ha_advanced_tooltip_content":"I am a tooltip","custom_css":"selector {\n    display: none !important;\n}"},"elements":[],"isInner":false,"widgetType":"html","elType":"widget"}],"isInner":false,"elType":"container"},{"id":"498533d3","settings":{"flex_direction":"row-reverse","flex_direction_tablet":"column","flex_align_items":"flex-start","flex_gap":{"unit":"px","size":40,"sizes":[]},"flex_gap_tablet":{"unit":"px","size":20,"sizes":[]},"flex_wrap":"nowrap","background_background":"classic","background_color":"#FFC72C","margin":{"unit":"px","top":"0","right":"0","bottom":"0","left":"0","isLinked":false},"padding":{"unit":"px","top":"20","right":"20","bottom":"40","left":"20","isLinked":false}},"elements":[{"id":"280a6070","settings":{"content_width":"full","width":{"unit":"%","size":60,"sizes":[]},"width_tablet":{"unit":"%","size":100,"sizes":[]},"width_mobile":{"unit":"%","size":"","sizes":[]},"flex_direction":"column"},"elements":[{"id":"20ec739d","settings":{"title":"Call Recording","title_color":"#000000","typography_typography":"custom","typography_font_family":"Ruda","typography_font_size":{"unit":"px","size":30,"sizes":[]},"typography_font_weight":"600","typography_text_transform":"uppercase","_margin":{"unit":"px","top":"20","right":"0","bottom":"0","left":"0","isLinked":false},"_padding":{"unit":"px","top":"0","right":"0","bottom":"0","left":"0","isLinked":false},"ha_advanced_tooltip_content":"I am a tooltip"},"elements":[],"isInner":false,"widgetType":"heading","elType":"widget"},{"id":"3f5af08e","settings":{"text":"Divider","gap":{"unit":"px","size":2,"sizes":[]},"ha_advanced_tooltip_content":"I am a tooltip","_animation":"slideInRight"},"elements":[],"isInner":false,"widgetType":"divider","elType":"widget"},{"id":"21404ae0","settings":{"title":"We have our software to capture every call - Transparency at The SunBiz is a defining feature and we have provisions to record and log every call.Both for training purposes and for specific client requirements most efficiently.At The SunBiz we fully appreciate the criticality of the work that we perform for world class  clients and so leave nothing to chance.","header_size":"p","title_color":"#000000","typography_typography":"custom","typography_font_family":"Noto Music","typography_font_size":{"unit":"px","size":20,"sizes":[]},"typography_font_weight":"500","_element_width":"initial","ha_advanced_tooltip_content":"I am a tooltip","typography_font_size_mobile":{"unit":"px","size":15,"sizes":[]}},"elements":[],"isInner":false,"widgetType":"heading","elType":"widget"}],"isInner":false,"elType":"container"},{"id":"18f1ae33","settings":{"content_width":"full","width":{"unit":"%","size":40,"sizes":[]},"width_tablet":{"unit":"%","size":100,"sizes":[]},"width_mobile":{"unit":"%","size":"","sizes":[]},"flex_justify_content_tablet":"flex-start","flex_align_items_tablet":"flex-start","padding":{"unit":"px","top":"0","right":"0","bottom":"0","left":"0","isLinked":false},"border_border":"solid","border_color":"#F66753","animation":"fadeInLeft"},"elements":[{"id":"641f2958","settings":{"image":{"url":"http:\/\/helptroop.com\/wp-content\/uploads\/2023\/01\/call-recording.jpg","id":562,"alt":"","source":"library"},"image_size":"full","css_filters_css_filter":"custom","_element_custom_width_tablet":{"unit":"%","size":100,"sizes":[]},"_element_custom_width_mobile":{"unit":"%","size":"","sizes":[]},"ha_advanced_tooltip_content":"I am a tooltip","custom_css":"selector {\n    filter: grayscale(100%);\n    transition: .3s;\n}\nselector:hover {\n    filter:grayscale(0);\n}","image_border_color":"#F66753"},"elements":[],"isInner":false,"widgetType":"image","elType":"widget"}],"isInner":false,"elType":"container"}],"isInner":false,"elType":"container"},{"id":"45c537ef","settings":{"content_width":"full","flex_direction":"column","flex_gap":{"unit":"px","size":10,"sizes":[]},"padding":{"unit":"px","top":"60","right":"0","bottom":"31","left":"0","isLinked":false}},"elements":[{"id":"1eda6856","settings":{"title":"Technology at SunBiz","header_size":"h3","align":"center","title_color":"#FFC72C","typography_typography":"custom","typography_font_family":"Rufina","typography_font_size":{"unit":"px","size":20,"sizes":[]},"typography_font_weight":"600","ha_advanced_tooltip_content":"I am a tooltip"},"elements":[],"isInner":false,"widgetType":"heading","elType":"widget"},{"id":"7a9e7566","settings":{"title":"End to end Secured process","align":"center","title_color":"#000000","typography_typography":"custom","typography_font_family":"Noto Music","typography_font_size":{"unit":"px","size":59,"sizes":[]},"typography_font_weight":"600","ha_advanced_tooltip_content":"I am a tooltip","typography_font_size_mobile":{"unit":"px","size":30,"sizes":[]}},"elements":[],"isInner":false,"widgetType":"heading","elType":"widget"}],"isInner":false,"elType":"container"},{"id":"415ed51a","settings":{"flex_direction":"column","flex_gap":{"unit":"px","size":30,"sizes":[]},"padding":{"unit":"px","top":"60","right":"0","bottom":"30","left":"0","isLinked":false},"padding_tablet":{"unit":"%","top":"5","right":"5","bottom":"5","left":"5","isLinked":true},"padding_mobile":{"unit":"%","top":"","right":"","bottom":"","left":"","isLinked":true}},"elements":[{"id":"5c0950b8","settings":{"content_width":"full","padding":{"unit":"px","top":"0","right":"0","bottom":"0","left":"0","isLinked":true}},"elements":[{"id":"122e6c16","settings":{"title":"<i class=\"fa-solid fa-check\"><\/i>\nClient Machines are secured by Antivirus installed on every system and disabling of Pen drive access for data protection.","title_color":"#000000","typography_typography":"custom","typography_font_family":"Noto Nastaliq Urdu","typography_font_weight":"600","ha_advanced_tooltip_content":"I am a tooltip","typography_font_size_mobile":{"unit":"px","size":15,"sizes":[]},"custom_css":"selector i {\n    color: #f66753 !important;\n    padding-right:10px;\n}"},"elements":[],"isInner":false,"widgetType":"heading","elType":"widget"},{"id":"2d2da009","settings":{"text":"Divider","gap":{"unit":"px","size":2,"sizes":[]},"ha_advanced_tooltip_content":"I am a tooltip","_animation":"slideInLeft"},"elements":[],"isInner":false,"widgetType":"divider","elType":"widget"}],"isInner":false,"elType":"container"},{"id":"6f87960c","settings":{"content_width":"full","padding":{"unit":"px","top":"0","right":"0","bottom":"0","left":"0","isLinked":true}},"elements":[{"id":"3be66154","settings":{"title":"<i class=\"fa-solid fa-check\"><\/i>\nAll End users will have limited access to the internet with respect to their job profile for data protection.","title_color":"#000000","typography_typography":"custom","typography_font_family":"Noto Nastaliq Urdu","typography_font_weight":"600","ha_advanced_tooltip_content":"I am a tooltip","typography_font_size_mobile":{"unit":"px","size":15,"sizes":[]},"custom_css":"selector i {\n    color: #f66753 !important;\n    padding-right:10px;\n}"},"elements":[],"isInner":false,"widgetType":"heading","elType":"widget"},{"id":"40449e65","settings":{"text":"Divider","gap":{"unit":"px","size":2,"sizes":[]},"ha_advanced_tooltip_content":"I am a tooltip","_animation":"slideInRight"},"elements":[],"isInner":false,"widgetType":"divider","elType":"widget"}],"isInner":false,"elType":"container"},{"id":"2b5f7a74","settings":{"content_width":"full","padding":{"unit":"px","top":"0","right":"0","bottom":"0","left":"0","isLinked":true}},"elements":[{"id":"60c564f6","settings":{"title":"<i class=\"fa-solid fa-check\"><\/i>\nNetwork is secured by Hardware firewall with limited access.","title_color":"#000000","typography_typography":"custom","typography_font_family":"Noto Nastaliq Urdu","typography_font_weight":"600","ha_advanced_tooltip_content":"I am a tooltip","typography_font_size_mobile":{"unit":"px","size":15,"sizes":[]},"custom_css":"selector i {\n    color: #f66753 !important;\n    padding-right:10px;\n}"},"elements":[],"isInner":false,"widgetType":"heading","elType":"widget"},{"id":"2810a856","settings":{"text":"Divider","gap":{"unit":"px","size":2,"sizes":[]},"ha_advanced_tooltip_content":"I am a tooltip","_animation":"slideInLeft"},"elements":[],"isInner":false,"widgetType":"divider","elType":"widget"}],"isInner":false,"elType":"container"},{"id":"4d0aad72","settings":{"content_width":"full","padding":{"unit":"px","top":"0","right":"0","bottom":"0","left":"0","isLinked":true}},"elements":[{"id":"70e5f989","settings":{"title":"<i class=\"fa-solid fa-check\"><\/i>\nOur Dialler application has a tool for call Quality Analysis on the standard parameters.","title_color":"#000000","typography_typography":"custom","typography_font_family":"Noto Nastaliq Urdu","typography_font_weight":"600","ha_advanced_tooltip_content":"I am a tooltip","typography_font_size_mobile":{"unit":"px","size":15,"sizes":[]},"custom_css":"selector i {\n    color: #f66753 !important;\n    padding-right:10px;\n}"},"elements":[],"isInner":false,"widgetType":"heading","elType":"widget"},{"id":"68bc4c07","settings":{"text":"Divider","gap":{"unit":"px","size":2,"sizes":[]},"ha_advanced_tooltip_content":"I am a tooltip","_animation":"slideInRight"},"elements":[],"isInner":false,"widgetType":"divider","elType":"widget"}],"isInner":false,"elType":"container"},{"id":"525baa3a","settings":{"content_width":"full","padding":{"unit":"px","top":"0","right":"0","bottom":"0","left":"0","isLinked":true}},"elements":[{"id":"65eee1db","settings":{"title":"<i class=\"fa-solid fa-check\"><\/i>\nWe have a system count of 200 plus both Desktops and Laptops. ","title_color":"#000000","typography_typography":"custom","typography_font_family":"Noto Nastaliq Urdu","typography_font_weight":"600","ha_advanced_tooltip_content":"I am a tooltip","typography_font_size_mobile":{"unit":"px","size":15,"sizes":[]},"custom_css":"selector i {\n    color: #f66753 !important;\n    padding-right:10px;\n}"},"elements":[],"isInner":false,"widgetType":"heading","elType":"widget"},{"id":"26e7cc3b","settings":{"text":"Divider","gap":{"unit":"px","size":2,"sizes":[]},"ha_advanced_tooltip_content":"I am a tooltip","_animation":"slideInLeft"},"elements":[],"isInner":false,"widgetType":"divider","elType":"widget"}],"isInner":false,"elType":"container"},{"id":"753f6244","settings":{"content_width":"full","padding":{"unit":"px","top":"0","right":"0","bottom":"0","left":"0","isLinked":true}},"elements":[{"id":"63cfd5c1","settings":{"title":"<i class=\"fa-solid fa-check\"><\/i>\nProjectors are set-up on each floor for a training and presentations.","title_color":"#000000","typography_typography":"custom","typography_font_family":"Noto Nastaliq Urdu","typography_font_weight":"600","ha_advanced_tooltip_content":"I am a tooltip","typography_font_size_mobile":{"unit":"px","size":15,"sizes":[]},"custom_css":"selector i {\n    color: #f66753 !important;\n    padding-right:10px;\n}"},"elements":[],"isInner":false,"widgetType":"heading","elType":"widget"},{"id":"1f07adc9","settings":{"text":"Divider","gap":{"unit":"px","size":2,"sizes":[]},"ha_advanced_tooltip_content":"I am a tooltip","_animation":"fadeInRight"},"elements":[],"isInner":false,"widgetType":"divider","elType":"widget"}],"isInner":false,"elType":"container"},{"id":"62343259","settings":{"content_width":"full","padding":{"unit":"px","top":"0","right":"0","bottom":"0","left":"0","isLinked":true}},"elements":[{"id":"777a14a7","settings":{"title":"<i class=\"fa-solid fa-check\"><\/i>\nIT Audits will be done by end of every month as per bank policy where previous month's data should be purged.","title_color":"#000000","typography_typography":"custom","typography_font_family":"Noto Nastaliq Urdu","typography_font_weight":"600","ha_advanced_tooltip_content":"I am a tooltip","typography_font_size_mobile":{"unit":"px","size":15,"sizes":[]},"custom_css":"selector i {\n    color: #f66753 !important;\n    padding-right:10px;\n}"},"elements":[],"isInner":false,"widgetType":"heading","elType":"widget"},{"id":"697c5094","settings":{"text":"Divider","gap":{"unit":"px","size":2,"sizes":[]},"ha_advanced_tooltip_content":"I am a tooltip","_animation":"zoomInLeft"},"elements":[],"isInner":false,"widgetType":"divider","elType":"widget"}],"isInner":false,"elType":"container"}],"isInner":false,"elType":"container"}],"page_settings":{"ha_grid_number":"","ha_grid_zindex":"1000","eael_ext_toc_title":"Table of Contents"},"version":"0.4","title":"TECHNOLOGY -> 1","type":"page"}